order_id,customer_id,order_date,total_amount,status
1,5,2025-05-22,701248,Delivered
2,135,2026-02-07,241958,Pending
3,241,2024-12-06,882560,Delivered
4,463,2024-09-01,301797,Pending
5,482,2024-08-24,172141,Delivered
6,300,2025-05-01,287736,Cancelled
7,352,2026-06-14,471190,Pending
8,54,2024-09-20,601447,Cancelled
9,210,2026-06-25,1464867,Cancelled
10,437,2025-08-05,512372,Cancelled
11,303,2024-12-03,347996,Delivered
12,373,2025-06-14,159936,Pending
13,171,2025-01-03,70038,Delivered
14,258,2024-09-13,22566,Delivered
15,223,2025-07-23,126328,Delivered
16,309,2025-11-13,66085,Cancelled
17,62,2026-04-01,774409,Cancelled
18,293,2024-08-17,812717,Shipped
19,460,2026-03-16,356537,Cancelled
20,410,2025-08-28,392680,Delivered
21,135,2026-06-23,70404,Delivered
22,72,2025-06-15,358019,Pending
23,180,2025-02-23,1012872,Pending
24,441,2026-02-19,507264,Shipped
25,343,2025-02-16,427549,Delivered
26,222,2024-08-13,463135,Cancelled
27,454,2024-12-26,263238,Pending
28,387,2026-03-21,601975,Shipped
29,195,2024-10-26,0,Delivered
30,316,2025-10-28,519415,Cancelled
31,61,2025-05-22,231439,Delivered
32,238,2025-06-25,127428,Cancelled
33,168,2026-05-18,175490,Pending
34,406,2025-04-19,155625,Shipped
35,294,2025-02-07,426270,Delivered
36,9,2024-12-25,190667,Cancelled
37,328,2026-01-21,205913,Pending
38,467,2026-04-22,332930,Cancelled
39,377,2024-09-02,251736,Pending
40,77,2025-12-08,737085,Shipped
41,201,2026-01-05,149580,Pending
42,495,2025-11-03,151035,Delivered
43,434,2024-12-29,241451,Pending
44,420,2025-12-29,148182,Cancelled
45,279,2025-10-26,945680,Pending
46,244,2026-02-13,300074,Delivered
47,291,2025-05-02,467682,Pending
48,79,2025-05-14,561419,Pending
49,90,2025-04-06,145390,Shipped
50,260,2024-09-28,433828,Shipped
51,38,2026-04-14,702298,Shipped
52,48,2026-06-28,193014,Cancelled
53,169,2026-06-23,521825,Pending
54,388,2025-03-25,53655,Cancelled
55,176,2026-06-14,478124,Delivered
56,188,2024-10-14,595098,Shipped
57,368,2026-03-19,405889,Delivered
58,351,2026-01-11,420491,Delivered
59,424,2024-08-03,75032,Pending
60,46,2025-04-16,470039,Pending
61,309,2024-11-19,286799,Pending
62,292,2026-04-14,560728,Pending
63,70,2024-07-28,360286,Cancelled
64,44,2025-08-24,619391,Pending
65,372,2025-05-31,589715,Pending
66,236,2025-12-29,254691,Cancelled
67,422,2026-02-22,332919,Delivered
68,497,2026-02-14,495326,Delivered
69,264,2025-01-08,764222,Pending
70,251,2025-01-11,239213,Cancelled
71,182,2025-04-30,148220,Cancelled
72,441,2024-12-12,857062,Shipped
73,191,2024-09-02,491994,Shipped
74,417,2025-08-26,186201,Delivered
75,418,2026-05-29,262456,Shipped
76,195,2024-11-19,0,Delivered
77,289,2025-07-23,29019,Delivered
78,26,2024-12-10,451541,Shipped
79,470,2025-09-04,174444,Pending
80,252,2024-08-21,922890,Cancelled
81,434,2024-12-31,624677,Delivered
82,236,2025-05-02,72530,Cancelled
83,6,2026-04-07,27724,Delivered
84,385,2025-04-10,193235,Pending
85,475,2024-09-02,132850,Cancelled
86,15,2024-07-12,156910,Shipped
87,357,2025-01-02,77389,Cancelled
88,224,2025-12-26,101631,Shipped
89,268,2025-10-13,497206,Delivered
90,357,2026-06-24,189834,Shipped
91,401,2025-06-24,255951,Pending
92,417,2025-12-08,758897,Cancelled
93,372,2025-06-04,263024,Cancelled
94,332,2025-02-09,764111,Cancelled
95,94,2024-11-22,517731,Delivered
96,473,2025-03-21,354637,Delivered
97,55,2025-02-13,163171,Delivered
98,115,2025-08-30,47267,Delivered
99,436,2025-11-22,32101,Delivered
100,389,2025-12-01,670945,Cancelled
101,163,2024-11-12,108007,Pending
102,350,2025-04-27,563016,Cancelled
103,471,2026-02-17,191871,Pending
104,294,2025-04-18,301718,Delivered
105,387,2026-04-18,302685,Shipped
106,163,2025-10-03,275243,Cancelled
107,332,2025-04-08,727237,Cancelled
108,232,2025-07-09,511048,Cancelled
109,199,2025-04-20,393531,Cancelled
110,121,2024-12-17,160653,Cancelled
111,350,2026-06-10,820530,Pending
112,451,2025-12-27,208299,Shipped
113,72,2026-03-20,372959,Shipped
114,16,2025-07-13,14502,Pending
115,125,2025-05-21,49544,Delivered
116,7,2026-05-31,1141970,Shipped
117,402,2025-11-10,751064,Delivered
118,492,2025-07-11,108692,Cancelled
119,56,2024-10-09,276763,Cancelled
120,89,2026-02-07,250270,Delivered
121,476,2024-10-30,487896,Cancelled
122,426,2024-08-02,676111,Delivered
123,49,2026-05-23,183504,Delivered
124,280,2024-12-13,888306,Shipped
125,126,2024-09-11,457546,Cancelled
126,172,2025-06-09,56800,Delivered
127,377,2026-01-21,454776,Cancelled
128,62,2025-09-07,48600,Shipped
129,387,2025-03-15,741341,Cancelled
130,193,2025-04-09,305780,Pending
131,238,2025-04-03,339095,Cancelled
132,303,2025-01-21,102652,Pending
133,254,2025-09-05,522631,Pending
134,174,2025-02-01,510394,Pending
135,478,2025-11-07,581018,Delivered
136,112,2025-01-18,563304,Shipped
137,421,2026-03-04,470134,Pending
138,476,2025-03-21,486973,Shipped
139,466,2025-12-02,198599,Delivered
140,160,2024-12-18,249747,Pending
141,38,2025-02-27,497417,Cancelled
142,71,2025-12-05,939745,Cancelled
143,481,2025-11-28,419027,Cancelled
144,260,2026-01-18,522366,Delivered
145,213,2026-01-26,253052,Cancelled
146,478,2025-10-30,445344,Shipped
147,386,2025-08-27,476728,Shipped
148,279,2026-04-30,1089804,Delivered
149,327,2024-07-22,332588,Shipped
150,121,2024-10-21,132878,Cancelled
151,346,2024-10-02,381600,Cancelled
152,379,2026-01-12,174043,Cancelled
153,446,2025-05-01,437327,Pending
154,80,2024-12-03,574201,Cancelled
155,158,2024-12-20,1125438,Cancelled
156,209,2025-10-03,277062,Delivered
157,201,2024-11-23,1123620,Delivered
158,194,2025-07-28,79132,Delivered
159,410,2025-06-07,355106,Delivered
160,13,2024-10-05,2417,Cancelled
161,499,2026-04-02,109818,Cancelled
162,281,2025-10-02,168164,Delivered
163,95,2024-10-09,251615,Cancelled
164,11,2025-10-01,128072,Cancelled
165,264,2025-06-16,590246,Shipped
166,403,2025-08-27,227405,Cancelled
167,75,2025-06-09,73849,Pending
168,226,2025-01-14,747073,Delivered
169,248,2025-08-08,436464,Delivered
170,332,2026-04-30,96046,Cancelled
171,189,2026-03-30,271618,Cancelled
172,270,2025-03-24,745235,Cancelled
173,234,2026-03-20,791993,Delivered
174,127,2026-03-19,90116,Delivered
175,228,2025-01-27,76948,Shipped
176,313,2024-07-02,324031,Shipped
177,241,2024-11-12,525792,Cancelled
178,92,2024-10-12,338034,Pending
179,158,2026-04-22,278577,Cancelled
180,140,2025-03-27,755006,Cancelled
181,159,2024-08-06,487221,Shipped
182,424,2025-03-23,178225,Pending
183,29,2025-10-14,431542,Cancelled
184,165,2026-05-11,347880,Delivered
185,158,2024-08-18,1032327,Cancelled
186,433,2024-08-11,46898,Delivered
187,227,2025-10-13,8775,Delivered
188,412,2025-09-22,0,Shipped
189,177,2026-04-30,626546,Shipped
190,276,2026-06-08,26044,Delivered
191,288,2025-08-07,690612,Cancelled
192,493,2025-11-04,229121,Delivered
193,349,2025-06-30,590578,Pending
194,101,2025-03-06,17347,Pending
195,65,2025-09-07,251624,Pending
196,388,2026-03-21,371169,Delivered
197,99,2026-03-17,45867,Pending
198,490,2024-10-23,433832,Pending
199,267,2026-06-02,412714,Cancelled
200,106,2026-02-04,311181,Pending
201,24,2026-02-17,318252,Cancelled
202,293,2024-07-19,256011,Shipped
203,469,2026-04-21,191527,Cancelled
204,371,2025-01-09,291646,Delivered
205,316,2025-04-03,621749,Delivered
206,96,2025-11-07,905409,Pending
207,138,2025-11-06,286340,Delivered
208,48,2024-12-01,94376,Delivered
209,210,2025-09-07,451089,Cancelled
210,416,2026-06-02,47016,Delivered
211,20,2024-07-04,37516,Delivered
212,43,2025-05-08,347344,Delivered
213,171,2026-04-06,507251,Pending
214,241,2025-02-21,759537,Delivered
215,138,2024-08-31,949810,Cancelled
216,204,2026-05-03,281648,Delivered
217,404,2026-02-05,699471,Shipped
218,68,2024-12-09,331206,Shipped
219,325,2024-07-16,501806,Shipped
220,291,2025-06-12,609662,Shipped
221,500,2024-11-09,0,Cancelled
222,371,2026-02-18,402014,Delivered
223,253,2026-04-27,115883,Pending
224,158,2025-04-12,2333,Delivered
225,296,2025-04-26,316280,Cancelled
226,321,2025-02-19,199872,Shipped
227,459,2024-12-13,288248,Pending
228,479,2024-12-10,480670,Pending
229,380,2024-10-10,365806,Delivered
230,125,2025-12-26,374969,Delivered
231,483,2026-05-18,73176,Pending
232,412,2025-11-09,876922,Cancelled
233,7,2025-11-30,464427,Cancelled
234,359,2025-01-16,102648,Shipped
235,343,2024-12-08,418672,Shipped
236,220,2024-08-30,1038620,Pending
237,116,2024-09-15,489055,Cancelled
238,312,2025-08-05,262493,Shipped
239,362,2025-06-21,153082,Cancelled
240,235,2024-12-31,299160,Delivered
241,332,2025-03-31,573429,Cancelled
242,289,2025-11-16,274489,Cancelled
243,299,2025-10-13,459118,Pending
244,138,2024-12-11,167755,Delivered
245,441,2025-12-30,349930,Pending
246,383,2025-03-01,419339,Cancelled
247,220,2025-08-15,237518,Cancelled
248,247,2025-04-03,384108,Cancelled
249,392,2025-07-23,375552,Cancelled
250,13,2025-12-07,405828,Shipped
251,140,2025-01-04,130441,Shipped
252,348,2025-11-10,429432,Shipped
253,217,2025-07-02,589868,Delivered
254,209,2025-05-30,251637,Cancelled
255,176,2025-06-30,180456,Pending
256,227,2026-06-09,316129,Delivered
257,159,2026-04-17,1389467,Delivered
258,206,2025-11-14,67758,Delivered
259,150,2026-02-15,10552,Shipped
260,248,2025-06-13,48480,Shipped
261,180,2024-10-03,0,Shipped
262,83,2025-03-10,267500,Delivered
263,137,2026-04-20,733282,Delivered
264,98,2024-09-07,613357,Cancelled
265,164,2026-04-23,345537,Pending
266,330,2026-02-04,547423,Pending
267,195,2026-06-06,497578,Delivered
268,6,2024-11-14,346296,Pending
269,140,2025-10-20,471501,Cancelled
270,356,2025-02-01,443214,Pending
271,166,2024-12-15,39595,Pending
272,213,2025-09-14,275439,Delivered
273,205,2026-02-24,362025,Pending
274,238,2025-01-26,1515,Delivered
275,316,2024-11-20,7679,Shipped
276,159,2025-01-13,1212210,Pending
277,203,2026-02-11,586082,Delivered
278,392,2025-05-25,51332,Pending
279,157,2026-05-27,39776,Delivered
280,356,2025-07-22,0,Cancelled
281,267,2025-04-02,535068,Delivered
282,193,2025-12-09,988236,Pending
283,388,2026-01-31,694421,Cancelled
284,420,2024-08-29,379265,Pending
285,185,2026-05-10,1071743,Delivered
286,18,2024-10-03,1028286,Cancelled
287,356,2024-09-04,441689,Cancelled
288,276,2025-01-20,46020,Cancelled
289,98,2025-11-06,7488,Shipped
290,83,2026-04-14,479575,Shipped
291,242,2025-06-06,420072,Shipped
292,304,2024-10-15,216525,Pending
293,225,2025-01-26,504003,Shipped
294,449,2025-11-04,200064,Pending
295,487,2026-02-20,117161,Delivered
296,44,2025-05-10,445983,Delivered
297,497,2024-11-15,390478,Cancelled
298,102,2024-11-27,993138,Pending
299,324,2025-05-15,182405,Cancelled
300,242,2025-06-28,524689,Delivered
301,490,2026-04-02,0,Shipped
302,323,2026-03-16,414550,Shipped
303,414,2025-05-03,324483,Cancelled
304,231,2025-05-16,633591,Pending
305,437,2024-10-16,328875,Pending
306,95,2025-09-11,814902,Pending
307,392,2025-09-20,629395,Pending
308,447,2025-02-21,82402,Delivered
309,295,2025-03-06,25442,Shipped
310,284,2025-09-22,564372,Cancelled
311,462,2025-04-07,123876,Pending
312,158,2025-01-08,792548,Delivered
313,183,2025-09-15,100362,Shipped
314,89,2024-10-06,684720,Cancelled
315,26,2025-12-29,234040,Cancelled
316,261,2026-01-14,88238,Delivered
317,261,2025-11-13,278659,Shipped
318,423,2025-11-30,149890,Pending
319,151,2024-10-31,332584,Delivered
320,202,2025-05-05,891695,Cancelled
321,90,2025-04-19,802578,Cancelled
322,143,2025-12-12,322085,Pending
323,65,2024-12-09,413797,Pending
324,32,2026-06-05,844977,Delivered
325,388,2026-04-27,325019,Delivered
326,475,2025-12-10,609410,Pending
327,87,2026-04-08,476229,Pending
328,463,2025-04-09,618297,Pending
329,23,2025-10-20,365590,Delivered
330,215,2025-03-07,352999,Pending
331,402,2024-08-28,506300,Cancelled
332,393,2025-03-03,723303,Pending
333,498,2025-10-26,262695,Shipped
334,452,2024-07-12,1440080,Shipped
335,377,2026-04-11,263002,Pending
336,168,2026-06-20,24513,Shipped
337,308,2026-05-07,364846,Pending
338,384,2025-05-26,221494,Cancelled
339,49,2026-01-24,363675,Shipped
340,177,2025-08-14,703798,Pending
341,252,2025-05-08,230487,Cancelled
342,141,2025-11-30,283495,Delivered
343,197,2025-02-15,688623,Pending
344,414,2025-04-05,318804,Cancelled
345,490,2024-09-17,766496,Pending
346,402,2026-01-31,39776,Delivered
347,299,2025-07-07,486225,Cancelled
348,173,2025-08-10,523101,Shipped
349,365,2025-06-16,68326,Delivered
350,99,2025-01-17,315756,Shipped
351,167,2025-10-01,528132,Pending
352,448,2025-07-05,372808,Cancelled
353,453,2024-09-06,0,Pending
354,225,2025-03-18,101766,Delivered
355,39,2026-03-21,38234,Delivered
356,389,2026-04-30,51324,Pending
357,424,2026-04-18,727548,Shipped
358,336,2026-06-01,819894,Delivered
359,90,2026-05-09,681265,Shipped
360,266,2025-04-19,108351,Pending
361,218,2025-12-07,142470,Pending
362,213,2026-05-30,370318,Pending
363,54,2024-09-25,193050,Cancelled
364,422,2025-09-15,782912,Shipped
365,186,2026-04-25,92580,Delivered
366,184,2025-03-12,36588,Pending
367,204,2024-12-10,361240,Pending
368,163,2026-03-03,196440,Shipped
369,468,2025-10-04,356175,Delivered
370,223,2025-01-14,719871,Shipped
371,128,2025-11-23,650735,Delivered
372,166,2025-05-23,178552,Cancelled
373,498,2025-06-18,93274,Cancelled
374,11,2025-07-18,169927,Cancelled
375,138,2025-03-28,237367,Cancelled
376,274,2025-12-04,206937,Pending
377,272,2025-08-29,0,Pending
378,473,2026-01-29,290320,Pending
379,109,2024-08-12,147571,Cancelled
380,399,2024-09-12,538146,Delivered
381,38,2025-11-18,436870,Shipped
382,19,2025-08-10,110090,Shipped
383,78,2026-03-07,93468,Cancelled
384,287,2025-05-26,289050,Delivered
385,482,2025-02-18,426989,Delivered
386,298,2025-04-21,185298,Pending
387,239,2025-05-27,60807,Cancelled
388,89,2025-08-26,0,Delivered
389,419,2024-11-11,71487,Shipped
390,4,2024-11-10,218784,Shipped
391,121,2026-02-05,213563,Delivered
392,299,2025-06-08,275916,Cancelled
393,268,2025-06-20,356770,Pending
394,368,2024-11-09,84262,Delivered
395,358,2026-04-17,129590,Delivered
396,405,2025-10-15,600127,Pending
397,310,2025-09-13,347854,Shipped
398,427,2025-04-24,274235,Delivered
399,185,2025-09-07,494029,Shipped
400,340,2025-07-02,111012,Shipped
401,363,2025-05-19,19248,Cancelled
402,394,2025-05-12,177532,Cancelled
403,10,2026-06-22,95043,Delivered
404,437,2025-04-13,257710,Delivered
405,435,2024-11-26,1079693,Pending
406,391,2024-09-30,7020,Pending
407,269,2025-12-28,386356,Delivered
408,37,2024-08-23,1196680,Pending
409,201,2026-06-04,11817,Cancelled
410,114,2026-03-20,254776,Pending
411,458,2026-04-17,373125,Cancelled
412,267,2026-02-04,510092,Cancelled
413,47,2025-01-10,79933,Shipped
414,134,2024-12-29,156470,Delivered
415,19,2025-08-23,976235,Delivered
416,360,2024-11-07,446712,Delivered
417,401,2025-07-15,162744,Pending
418,227,2025-03-11,657120,Cancelled
419,457,2025-08-08,252444,Shipped
420,289,2026-01-29,192341,Delivered
421,428,2026-06-13,218486,Cancelled
422,484,2026-03-03,744376,Shipped
423,374,2025-07-21,565692,Shipped
424,157,2026-02-02,410301,Cancelled
425,303,2025-09-04,268920,Delivered
426,252,2026-02-23,269052,Delivered
427,485,2024-11-18,300148,Cancelled
428,204,2025-10-14,401552,Delivered
429,86,2026-03-13,183184,Cancelled
430,475,2026-06-03,199492,Shipped
431,256,2024-10-30,67766,Shipped
432,340,2024-12-25,0,Pending
433,238,2025-07-31,384586,Pending
434,102,2024-12-31,601095,Pending
435,185,2025-03-20,48286,Shipped
436,442,2026-04-04,293939,Pending
437,274,2025-10-28,54996,Delivered
438,353,2024-08-11,306049,Shipped
439,115,2025-02-05,457942,Cancelled
440,319,2026-04-04,622321,Delivered
441,213,2026-05-06,47710,Shipped
442,433,2026-04-23,237462,Cancelled
443,333,2026-02-18,807156,Shipped
444,48,2025-08-19,356175,Cancelled
445,116,2025-07-24,931065,Cancelled
446,41,2026-03-31,319508,Shipped
447,102,2025-12-20,368680,Cancelled
448,240,2026-02-09,1207799,Shipped
449,469,2026-04-07,389841,Delivered
450,258,2025-06-29,404591,Cancelled
451,450,2025-10-02,482413,Shipped
452,90,2024-07-04,219418,Delivered
453,473,2025-10-03,668137,Cancelled
454,104,2024-10-04,380208,Shipped
455,467,2025-12-01,811061,Pending
456,374,2025-05-14,249619,Delivered
457,482,2024-12-19,1189899,Shipped
458,269,2026-06-03,263361,Pending
459,316,2024-08-24,235940,Pending
460,258,2026-03-04,142167,Delivered
461,399,2025-08-19,104948,Shipped
462,371,2025-10-07,105623,Delivered
463,460,2024-07-05,856970,Shipped
464,72,2026-02-06,265652,Shipped
465,261,2024-07-06,556759,Pending
466,116,2025-09-12,529774,Cancelled
467,444,2025-08-01,131836,Cancelled
468,242,2024-10-12,709356,Pending
469,72,2025-08-03,302312,Cancelled
470,185,2026-05-16,124418,Pending
471,470,2024-11-28,790328,Delivered
472,2,2024-11-14,0,Shipped
473,62,2026-04-04,0,Delivered
474,286,2025-02-22,14629,Shipped
475,450,2024-08-14,107153,Cancelled
476,251,2026-06-05,157851,Pending
477,266,2025-06-21,200680,Cancelled
478,10,2025-01-21,248263,Delivered
479,437,2025-05-10,10999,Pending
480,493,2025-04-18,679351,Shipped
481,225,2026-03-31,378559,Delivered
482,107,2024-12-19,401411,Delivered
483,360,2026-01-12,147033,Pending
484,478,2025-03-03,498790,Delivered
485,30,2024-09-23,206844,Cancelled
486,234,2025-04-11,407566,Shipped
487,104,2026-01-25,61075,Shipped
488,6,2026-06-15,666673,Delivered
489,96,2026-01-09,411384,Cancelled
490,478,2025-07-12,653026,Pending
491,141,2025-08-19,209688,Delivered
492,121,2026-05-20,400388,Delivered
493,72,2026-03-08,0,Delivered
494,56,2024-09-24,677110,Cancelled
495,256,2024-09-03,318990,Cancelled
496,167,2026-02-02,161196,Pending
497,294,2025-07-14,0,Delivered
498,42,2026-06-08,0,Shipped
499,58,2025-06-20,540083,Cancelled
500,461,2024-08-31,0,Pending
501,293,2024-12-11,619814,Delivered
502,182,2024-11-11,504476,Cancelled
503,223,2024-10-03,0,Cancelled
504,97,2025-10-11,128072,Shipped
505,436,2026-02-08,192314,Shipped
506,311,2025-01-23,536683,Shipped
507,422,2025-10-08,581322,Delivered
508,414,2025-07-25,522895,Cancelled
509,174,2025-10-02,722090,Pending
510,38,2025-11-28,0,Delivered
511,213,2025-06-06,317145,Cancelled
512,324,2026-03-10,13095,Cancelled
513,352,2025-11-06,560295,Pending
514,274,2026-03-03,319817,Shipped
515,286,2024-09-09,457202,Delivered
516,433,2026-06-17,342306,Delivered
517,156,2024-11-17,283310,Pending
518,292,2026-01-28,245343,Cancelled
519,452,2026-04-27,0,Delivered
520,221,2026-06-04,442912,Cancelled
521,31,2026-03-23,701368,Delivered
522,400,2025-05-10,132344,Pending
523,204,2025-04-11,183225,Shipped
524,6,2025-02-23,209499,Shipped
525,432,2025-04-21,0,Shipped
526,160,2025-02-15,289201,Shipped
527,222,2025-03-06,800026,Delivered
528,368,2025-03-25,495208,Pending
529,39,2026-03-10,310938,Cancelled
530,161,2025-01-09,139990,Pending
531,315,2026-01-08,23578,Shipped
532,478,2025-11-30,530146,Delivered
533,491,2025-10-06,345133,Cancelled
534,234,2025-10-06,147087,Cancelled
535,308,2025-09-01,75050,Shipped
536,203,2025-06-18,792790,Pending
537,446,2025-11-06,569791,Cancelled
538,358,2025-09-04,495281,Pending
539,200,2026-05-25,212252,Shipped
540,329,2026-06-11,410956,Pending
541,163,2025-04-26,215215,Delivered
542,59,2025-07-31,612532,Shipped
543,257,2025-09-06,849043,Shipped
544,419,2025-09-01,1294838,Shipped
545,121,2026-01-22,589814,Shipped
546,81,2025-12-08,668141,Delivered
547,227,2025-06-18,434414,Pending
548,209,2026-02-17,0,Pending
549,255,2025-12-07,218341,Cancelled
550,231,2025-08-19,205256,Shipped
551,376,2025-05-12,0,Pending
552,72,2024-08-22,265683,Delivered
553,227,2025-04-11,28665,Cancelled
554,329,2025-04-12,467785,Pending
555,377,2025-11-12,360022,Cancelled
556,150,2026-02-17,173214,Shipped
557,139,2025-11-17,799753,Delivered
558,355,2026-04-16,221463,Delivered
559,85,2024-12-21,357836,Pending
560,338,2024-10-06,334722,Delivered
561,204,2025-05-16,36481,Shipped
562,430,2025-01-27,38692,Delivered
563,53,2025-05-13,730846,Pending
564,403,2025-02-20,121850,Shipped
565,99,2024-10-28,44170,Pending
566,122,2026-06-12,253506,Cancelled
567,310,2024-11-17,451009,Shipped
568,390,2024-11-07,772708,Cancelled
569,334,2026-03-23,0,Pending
570,462,2024-08-12,728624,Shipped
571,488,2025-09-26,300666,Delivered
572,384,2026-06-07,261908,Cancelled
573,235,2026-05-20,237812,Shipped
574,370,2026-01-07,586638,Pending
575,176,2026-06-24,107076,Pending
576,91,2025-06-17,610230,Shipped
577,315,2026-03-23,749296,Cancelled
578,460,2025-12-16,1254386,Pending
579,291,2024-12-26,564279,Delivered
580,480,2025-03-01,780062,Pending
581,78,2025-10-10,237396,Pending
582,158,2024-07-04,158132,Shipped
583,58,2024-08-27,482480,Cancelled
584,288,2025-04-12,319511,Cancelled
585,141,2026-07-01,790790,Cancelled
586,344,2024-08-15,312488,Cancelled
587,187,2024-08-07,155672,Shipped
588,391,2025-11-07,184011,Cancelled
589,36,2026-05-01,47188,Delivered
590,465,2026-03-29,631419,Shipped
591,379,2026-04-09,546885,Pending
592,375,2024-10-26,78557,Delivered
593,476,2025-06-02,46020,Pending
594,310,2024-07-15,73278,Pending
595,441,2024-10-28,1014721,Delivered
596,97,2024-10-31,244948,Delivered
597,454,2024-09-23,689417,Shipped
598,488,2025-03-15,339920,Shipped
599,331,2025-07-09,187275,Cancelled
600,35,2024-10-08,72429,Pending
601,481,2025-05-12,526681,Shipped
602,365,2026-04-18,0,Pending
603,400,2025-05-10,64136,Shipped
604,124,2025-04-24,354467,Pending
605,205,2025-01-16,111952,Pending
606,123,2024-11-23,87512,Shipped
607,141,2026-02-08,439103,Delivered
608,141,2026-03-09,0,Delivered
609,188,2025-12-29,427035,Delivered
610,257,2024-09-26,849882,Cancelled
611,399,2026-04-29,0,Delivered
612,360,2024-09-10,1016261,Delivered
613,275,2025-10-18,468971,Pending
614,209,2025-09-11,554629,Shipped
615,448,2024-09-13,458716,Pending
616,130,2026-02-07,134621,Shipped
617,21,2025-12-17,72222,Pending
618,392,2025-10-22,894941,Cancelled
619,414,2025-10-12,384180,Pending
620,422,2024-12-14,533007,Cancelled
621,36,2025-10-28,0,Shipped
622,248,2024-11-03,266089,Cancelled
623,245,2025-12-03,205427,Pending
624,344,2024-07-26,403286,Shipped
625,252,2026-04-06,62209,Shipped
626,473,2025-12-20,442946,Cancelled
627,4,2025-08-31,517759,Shipped
628,82,2024-11-03,186622,Shipped
629,134,2026-01-25,62058,Pending
630,12,2025-10-04,130452,Pending
631,218,2026-02-16,210825,Delivered
632,6,2024-12-17,750786,Delivered
633,114,2024-12-11,408094,Pending
634,217,2025-11-03,95036,Shipped
635,426,2024-11-10,2636,Shipped
636,29,2025-06-13,594839,Delivered
637,66,2025-06-23,296858,Delivered
638,424,2026-04-14,461351,Cancelled
639,180,2025-07-10,253998,Delivered
640,167,2025-06-18,440273,Cancelled
641,174,2025-08-14,375408,Pending
642,57,2026-05-07,50464,Shipped
643,335,2025-07-23,645947,Pending
644,421,2026-05-12,434633,Cancelled
645,200,2025-03-03,518572,Cancelled
646,355,2025-03-31,655330,Shipped
647,381,2025-09-08,202074,Shipped
648,454,2026-01-19,258369,Delivered
649,141,2025-05-18,279564,Cancelled
650,441,2025-04-29,1243714,Shipped
651,65,2025-10-06,5682,Cancelled
652,206,2025-08-04,546211,Shipped
653,11,2026-02-14,404274,Delivered
654,272,2024-12-30,120994,Shipped
655,159,2025-05-09,336566,Delivered
656,124,2025-12-10,738823,Shipped
657,422,2024-10-07,290329,Cancelled
658,278,2024-08-11,883725,Delivered
659,176,2025-10-03,457181,Cancelled
660,337,2025-09-07,160133,Delivered
661,488,2025-01-22,642889,Cancelled
662,216,2024-08-15,143685,Shipped
663,3,2024-07-17,259302,Pending
664,471,2025-11-09,506889,Shipped
665,139,2025-07-06,173343,Cancelled
666,182,2025-12-10,439345,Cancelled
667,116,2026-04-15,127669,Cancelled
668,114,2024-11-19,142742,Delivered
669,104,2024-07-16,224190,Shipped
670,298,2025-08-17,174361,Cancelled
671,85,2026-02-03,102272,Cancelled
672,22,2024-12-28,547110,Delivered
673,39,2025-09-22,222024,Cancelled
674,430,2025-12-15,578997,Pending
675,46,2026-02-24,356044,Pending
676,74,2025-07-28,648357,Pending
677,409,2025-01-09,273304,Shipped
678,83,2026-02-11,250975,Shipped
679,468,2025-08-26,397736,Cancelled
680,390,2025-03-28,781745,Cancelled
681,247,2024-12-13,611191,Shipped
682,200,2025-12-22,256723,Pending
683,335,2025-10-23,717002,Delivered
684,70,2026-05-14,202447,Pending
685,125,2025-09-20,155148,Pending
686,139,2025-12-15,262892,Shipped
687,86,2026-03-19,851413,Delivered
688,271,2024-10-25,18392,Delivered
689,202,2024-09-24,421322,Cancelled
690,302,2024-11-14,465456,Pending
691,13,2025-01-25,132052,Cancelled
692,349,2025-07-05,600360,Delivered
693,368,2025-09-05,92842,Cancelled
694,497,2025-01-08,488325,Delivered
695,191,2026-03-07,361954,Cancelled
696,208,2025-11-09,160937,Shipped
697,204,2025-01-06,57781,Delivered
698,159,2024-11-04,178220,Shipped
699,22,2025-06-21,82398,Shipped
700,209,2024-12-16,287718,Delivered
701,286,2024-12-21,69880,Delivered
702,243,2025-01-08,358404,Shipped
703,257,2025-08-06,92408,Shipped
704,169,2024-08-17,138873,Pending
705,462,2024-08-26,622643,Pending
706,114,2025-03-11,503599,Pending
707,263,2025-03-30,498455,Delivered
708,399,2026-06-05,145050,Delivered
709,226,2024-11-24,119040,Delivered
710,137,2025-04-16,598392,Pending
711,402,2025-08-11,621390,Pending
712,281,2026-06-01,501298,Shipped
713,224,2025-09-10,0,Pending
714,32,2025-07-18,429256,Delivered
715,77,2025-01-29,731256,Shipped
716,191,2026-01-22,287578,Shipped
717,257,2025-11-26,609591,Pending
718,75,2024-08-25,77609,Cancelled
719,467,2026-01-31,353770,Shipped
720,29,2025-04-14,77606,Shipped
721,155,2025-05-24,732119,Delivered
722,443,2026-03-14,485907,Delivered
723,249,2025-10-10,466270,Delivered
724,228,2024-08-21,230365,Delivered
725,44,2024-12-18,1129190,Cancelled
726,213,2025-07-13,852763,Shipped
727,72,2025-06-09,551069,Delivered
728,106,2026-01-17,228731,Shipped
729,385,2026-04-29,286433,Shipped
730,121,2025-06-02,509127,Pending
731,452,2026-06-26,285245,Delivered
732,387,2025-01-28,800047,Cancelled
733,323,2026-02-10,683446,Pending
734,133,2025-05-08,469333,Pending
735,400,2024-11-19,292764,Shipped
736,365,2025-07-07,45033,Cancelled
737,487,2025-05-04,412765,Pending
738,325,2024-10-17,844719,Delivered
739,221,2025-03-14,432061,Pending
740,117,2024-08-16,70952,Cancelled
741,317,2026-01-31,646292,Shipped
742,325,2024-10-03,1044231,Shipped
743,376,2026-03-28,13168,Pending
744,159,2024-10-20,388337,Shipped
745,219,2025-06-29,311271,Shipped
746,65,2025-08-26,302357,Cancelled
747,445,2026-02-16,676991,Shipped
748,38,2024-12-31,474866,Delivered
749,21,2025-02-19,91784,Cancelled
750,302,2025-11-15,433960,Cancelled
751,460,2026-02-25,654553,Cancelled
752,474,2024-11-09,569465,Pending
753,187,2026-05-04,172139,Pending
754,360,2026-03-11,0,Pending
755,175,2026-03-29,607955,Delivered
756,418,2024-09-10,492491,Pending
757,166,2026-04-26,329800,Cancelled
758,216,2026-02-26,735433,Shipped
759,250,2026-07-01,589450,Shipped
760,369,2026-05-13,303112,Delivered
761,97,2024-09-06,182405,Pending
762,398,2025-07-07,769144,Shipped
763,465,2025-09-18,621712,Cancelled
764,55,2025-10-07,1401359,Delivered
765,285,2025-12-03,241886,Cancelled
766,166,2025-10-09,555984,Pending
767,471,2026-06-10,309557,Cancelled
768,3,2025-07-15,432704,Shipped
769,327,2025-07-19,208238,Delivered
770,482,2026-05-10,82957,Cancelled
771,73,2025-12-24,673360,Delivered
772,189,2026-02-26,444815,Delivered
773,343,2024-10-27,818240,Shipped
774,343,2025-11-29,557561,Shipped
775,457,2026-01-31,682428,Delivered
776,114,2025-08-21,349809,Delivered
777,430,2025-01-21,11364,Delivered
778,244,2025-08-01,390716,Delivered
779,313,2025-03-29,205061,Cancelled
780,274,2025-05-28,263212,Cancelled
781,362,2026-05-19,0,Cancelled
782,236,2026-05-10,101424,Cancelled
783,146,2025-11-20,158270,Cancelled
784,23,2026-02-11,421596,Shipped
785,273,2025-04-18,182434,Delivered
786,462,2026-02-01,471966,Shipped
787,150,2024-07-12,196612,Delivered
788,5,2025-03-05,395883,Cancelled
789,51,2024-09-25,770985,Shipped
790,344,2026-06-08,225415,Delivered
791,389,2024-12-14,153624,Shipped
792,51,2025-07-24,201066,Cancelled
793,371,2025-12-13,342936,Shipped
794,17,2025-02-18,1200173,Cancelled
795,329,2025-08-17,324374,Pending
796,480,2025-05-21,778321,Pending
797,459,2026-04-14,232846,Cancelled
798,435,2025-06-17,442395,Pending
799,153,2025-03-23,413626,Cancelled
800,409,2025-10-05,299864,Pending
801,116,2025-01-14,101764,Shipped
802,41,2025-05-10,705643,Cancelled
803,133,2025-07-14,423724,Pending
804,44,2026-01-16,496429,Delivered
805,230,2026-03-04,475920,Delivered
806,370,2024-09-23,283781,Delivered
807,119,2025-01-24,194366,Cancelled
808,26,2026-02-23,192030,Shipped
809,164,2025-02-23,268954,Delivered
810,386,2025-09-21,312256,Delivered
811,345,2026-02-22,70975,Delivered
812,138,2025-11-20,65102,Shipped
813,273,2025-01-16,53436,Pending
814,110,2025-07-13,0,Pending
815,482,2025-02-09,1141858,Pending
816,436,2025-06-02,216473,Shipped
817,262,2026-01-19,467296,Shipped
818,371,2024-10-07,191356,Shipped
819,69,2026-01-20,1104575,Pending
820,186,2026-04-11,0,Shipped
821,262,2025-04-09,455598,Delivered
822,133,2024-07-10,118454,Cancelled
823,385,2024-11-23,1223628,Cancelled
824,425,2024-11-30,533428,Shipped
825,353,2026-06-30,264728,Cancelled
826,280,2026-05-30,116883,Delivered
827,69,2025-06-10,391114,Delivered
828,34,2026-01-26,118610,Pending
829,240,2025-08-10,516835,Shipped
830,139,2024-12-01,78454,Cancelled
831,53,2025-08-12,650673,Cancelled
832,41,2025-09-14,88628,Delivered
833,321,2025-06-12,273381,Pending
834,154,2025-03-02,139614,Pending
835,158,2024-10-22,420720,Cancelled
836,265,2026-05-22,479881,Cancelled
837,252,2025-08-16,328077,Pending
838,216,2025-05-17,715577,Shipped
839,248,2026-06-14,258490,Shipped
840,346,2024-11-22,495905,Cancelled
841,365,2024-12-27,287581,Shipped
842,306,2026-05-23,334235,Cancelled
843,249,2024-12-02,509088,Pending
844,212,2025-08-17,776720,Shipped
845,221,2025-11-24,208354,Pending
846,264,2025-09-08,741284,Cancelled
847,311,2024-07-20,422782,Cancelled
848,10,2026-01-31,155204,Cancelled
849,206,2026-06-16,640486,Shipped
850,376,2025-06-27,246820,Pending
851,115,2026-03-17,72796,Shipped
852,473,2024-08-19,225970,Cancelled
853,374,2026-04-29,232004,Pending
854,148,2025-05-11,546628,Pending
855,86,2024-08-31,160340,Cancelled
856,108,2024-09-15,272201,Cancelled
857,178,2025-07-22,185855,Pending
858,428,2025-01-22,609803,Delivered
859,54,2024-10-02,203714,Shipped
860,411,2026-05-17,536996,Cancelled
861,323,2025-02-16,248328,Shipped
862,459,2025-10-10,97115,Cancelled
863,14,2024-12-15,270456,Cancelled
864,344,2026-05-07,725669,Shipped
865,438,2025-05-09,339340,Shipped
866,272,2024-09-10,753064,Pending
867,417,2026-06-13,597810,Shipped
868,82,2025-06-26,395172,Shipped
869,410,2025-02-20,214265,Shipped
870,12,2026-06-24,487248,Shipped
871,294,2025-12-20,259866,Cancelled
872,445,2026-04-09,194642,Delivered
873,189,2025-08-13,676721,Shipped
874,150,2026-04-26,288289,Cancelled
875,240,2025-08-15,290901,Pending
876,148,2026-01-31,515320,Pending
877,343,2025-01-08,444859,Delivered
878,125,2025-06-04,15358,Pending
879,226,2024-07-08,347054,Cancelled
880,484,2025-12-02,871167,Delivered
881,411,2024-08-15,168544,Delivered
882,209,2025-07-27,126202,Shipped
883,456,2025-04-25,310440,Cancelled
884,178,2024-11-11,374901,Delivered
885,336,2025-10-20,23648,Pending
886,445,2025-03-26,1011194,Shipped
887,430,2025-09-03,612696,Delivered
888,173,2025-08-26,650641,Pending
889,26,2026-06-01,397966,Shipped
890,283,2024-10-16,441845,Cancelled
891,133,2024-10-10,847191,Shipped
892,149,2025-01-10,351569,Shipped
893,305,2026-03-06,642267,Shipped
894,311,2025-07-30,285970,Pending
895,483,2024-10-16,510812,Delivered
896,43,2026-04-12,131618,Shipped
897,451,2024-11-14,313066,Cancelled
898,19,2025-05-31,0,Cancelled
899,176,2025-09-26,820737,Pending
900,244,2025-11-04,370280,Shipped
901,233,2025-07-10,195586,Cancelled
902,225,2025-06-08,274972,Cancelled
903,312,2025-07-14,0,Cancelled
904,97,2025-11-13,49341,Shipped
905,434,2026-05-01,43756,Shipped
906,78,2026-05-27,387829,Shipped
907,216,2026-04-05,224802,Shipped
908,204,2025-10-29,819881,Cancelled
909,399,2025-11-17,0,Shipped
910,242,2026-03-26,108315,Shipped
911,172,2026-05-29,103135,Delivered
912,385,2026-04-04,110032,Pending
913,172,2025-08-22,256818,Delivered
914,4,2025-11-03,742467,Shipped
915,339,2025-12-30,496522,Cancelled
916,36,2025-03-10,449583,Delivered
917,400,2025-01-18,317340,Delivered
918,320,2025-09-17,287033,Delivered
919,283,2025-09-29,608317,Shipped
920,399,2024-07-19,281419,Delivered
921,236,2024-08-08,337709,Pending
922,406,2024-07-21,269811,Pending
923,202,2026-06-24,379081,Cancelled
924,26,2025-12-06,633022,Cancelled
925,275,2025-01-13,517797,Shipped
926,11,2026-03-28,357615,Shipped
927,22,2024-12-02,1153107,Delivered
928,288,2025-06-27,822938,Shipped
929,169,2025-04-11,274636,Cancelled
930,212,2024-08-15,320180,Shipped
931,248,2025-01-04,859770,Cancelled
932,7,2025-01-19,622174,Delivered
933,61,2025-07-12,191200,Pending
934,180,2024-07-14,1005262,Shipped
935,495,2024-07-08,78683,Shipped
936,205,2026-04-22,237407,Shipped
937,246,2025-08-22,227724,Pending
938,418,2024-11-06,492165,Delivered
939,193,2025-08-15,199299,Pending
940,168,2026-06-14,381162,Pending
941,112,2025-07-21,538694,Pending
942,43,2025-06-05,1088427,Shipped
943,239,2026-02-25,290227,Pending
944,215,2026-06-15,558993,Pending
945,216,2025-11-02,177915,Pending
946,383,2024-08-22,320405,Pending
947,441,2026-05-22,471929,Cancelled
948,205,2025-09-30,17876,Delivered
949,160,2025-09-27,149218,Cancelled
950,202,2024-08-13,195952,Shipped
951,58,2026-01-21,190184,Shipped
952,47,2025-12-29,0,Shipped
953,320,2026-06-08,34563,Delivered
954,460,2025-11-07,395552,Cancelled
955,48,2024-08-02,503756,Delivered
956,85,2025-11-24,662678,Cancelled
957,140,2025-10-29,1251076,Pending
958,472,2025-12-23,0,Shipped
959,285,2026-05-17,657267,Shipped
960,385,2024-12-25,223042,Pending
961,303,2025-06-15,517284,Delivered
962,198,2025-02-03,552093,Cancelled
963,74,2024-08-07,229792,Delivered
964,199,2024-10-26,185084,Delivered
965,221,2025-05-23,0,Delivered
966,60,2025-08-20,364302,Cancelled
967,10,2024-12-08,135516,Delivered
968,292,2025-12-14,396736,Pending
969,220,2025-09-24,390320,Shipped
970,426,2025-09-23,325570,Shipped
971,422,2024-08-16,376180,Pending
972,85,2024-11-29,108660,Shipped
973,18,2025-01-23,651903,Delivered
974,222,2024-08-26,170899,Cancelled
975,364,2025-05-28,47156,Delivered
976,276,2025-01-20,146383,Delivered
977,7,2026-04-18,537567,Shipped
978,92,2026-06-29,173430,Pending
979,107,2026-02-25,183429,Delivered
980,420,2024-11-08,79563,Shipped
981,54,2025-10-06,175549,Shipped
982,26,2025-01-19,90621,Pending
983,163,2024-12-26,534200,Delivered
984,69,2025-01-24,230481,Shipped
985,305,2024-09-24,333896,Cancelled
986,168,2026-01-19,145238,Delivered
987,383,2024-10-29,383776,Shipped
988,303,2025-06-28,103897,Pending
989,267,2024-08-14,799458,Delivered
990,305,2024-10-16,85954,Delivered
991,495,2026-01-29,630267,Cancelled
992,66,2024-11-14,100604,Cancelled
993,108,2026-02-27,110801,Pending
994,87,2026-05-06,215247,Shipped
995,288,2024-08-21,536507,Shipped
996,95,2026-02-09,588551,Shipped
997,8,2025-10-16,179670,Pending
998,460,2025-08-02,301409,Pending
999,108,2025-02-22,744384,Pending
1000,205,2026-02-06,0,Cancelled
1001,258,2025-08-27,145422,Pending
1002,97,2025-02-04,762564,Pending
1003,30,2025-07-10,213210,Delivered
1004,79,2025-08-01,175364,Shipped
1005,400,2025-01-15,555985,Cancelled
1006,470,2025-02-27,76896,Pending
1007,454,2025-01-21,594201,Shipped
1008,156,2024-09-10,141252,Shipped
1009,365,2025-07-18,715414,Shipped
1010,223,2025-06-20,283241,Shipped
1011,292,2025-09-10,220519,Cancelled
1012,181,2024-09-01,671689,Pending
1013,46,2025-01-18,690672,Cancelled
1014,458,2026-01-24,696994,Cancelled
1015,490,2025-12-13,136402,Shipped
1016,270,2024-12-30,151532,Delivered
1017,491,2024-11-17,1053226,Pending
1018,114,2025-06-21,876506,Pending
1019,303,2024-12-16,314020,Shipped
1020,297,2025-01-04,611998,Delivered
1021,280,2026-04-04,212394,Delivered
1022,86,2024-09-21,214396,Pending
1023,452,2026-02-13,532348,Delivered
1024,157,2025-04-16,456032,Cancelled
1025,399,2024-08-26,0,Pending
1026,63,2025-11-25,126087,Delivered
1027,195,2026-05-28,701971,Cancelled
1028,419,2024-07-12,467258,Pending
1029,401,2025-09-21,301407,Shipped
1030,356,2025-11-22,172197,Delivered
1031,19,2024-11-05,605507,Shipped
1032,383,2025-05-02,150141,Cancelled
1033,116,2026-01-21,5208,Delivered
1034,498,2025-11-19,401241,Cancelled
1035,219,2025-07-10,330425,Shipped
1036,439,2026-06-09,0,Pending
1037,151,2025-07-03,547848,Delivered
1038,236,2024-11-28,0,Delivered
1039,301,2025-06-04,313622,Cancelled
1040,307,2025-07-12,275832,Pending
1041,10,2026-01-20,237642,Pending
1042,139,2024-09-29,427219,Pending
1043,377,2025-02-20,325367,Pending
1044,48,2025-12-03,408622,Pending
1045,71,2026-01-02,162220,Shipped
1046,48,2025-10-09,414290,Shipped
1047,268,2024-08-03,421275,Shipped
1048,437,2024-07-10,387960,Pending
1049,347,2025-03-09,267264,Pending
1050,431,2025-09-14,193144,Pending
1051,6,2025-12-10,222697,Pending
1052,59,2025-12-29,125336,Pending
1053,372,2025-12-28,290368,Delivered
1054,494,2025-05-14,220188,Shipped
1055,403,2025-05-12,297374,Pending
1056,436,2024-11-19,1206864,Shipped
1057,38,2024-07-27,671302,Shipped
1058,496,2025-08-09,342215,Shipped
1059,457,2025-09-03,200438,Cancelled
1060,310,2026-02-07,168031,Cancelled
1061,101,2025-09-15,513119,Cancelled
1062,482,2025-11-06,550540,Pending
1063,242,2024-11-01,321923,Shipped
1064,158,2024-09-21,258085,Delivered
1065,82,2025-06-18,448553,Shipped
1066,127,2024-07-27,285861,Delivered
1067,440,2026-05-10,494987,Cancelled
1068,284,2025-01-22,0,Pending
1069,131,2025-02-21,1180059,Shipped
1070,183,2025-10-02,530817,Delivered
1071,234,2026-01-05,15289,Shipped
1072,411,2024-08-03,449289,Pending
1073,277,2025-12-12,430113,Shipped
1074,156,2024-11-29,55009,Delivered
1075,442,2025-11-29,1140382,Delivered
1076,103,2025-05-13,653262,Shipped
1077,237,2024-10-14,501093,Cancelled
1078,347,2024-10-28,612652,Pending
1079,58,2025-01-31,323002,Cancelled
1080,148,2025-12-09,201062,Cancelled
1081,363,2024-11-19,0,Pending
1082,1,2024-07-14,64990,Pending
1083,132,2026-04-20,0,Pending
1084,135,2024-11-05,222863,Shipped
1085,74,2025-02-13,348299,Cancelled
1086,352,2025-07-13,5265,Cancelled
1087,455,2026-02-18,653079,Cancelled
1088,375,2024-09-30,336938,Pending
1089,211,2024-08-31,892104,Shipped
1090,489,2026-02-11,235603,Cancelled
1091,295,2025-12-22,173105,Delivered
1092,486,2025-09-16,187500,Pending
1093,179,2026-03-15,93561,Pending
1094,425,2024-08-11,149088,Pending
1095,132,2025-03-19,753276,Delivered
1096,251,2026-02-08,252501,Cancelled
1097,22,2025-10-17,349684,Shipped
1098,151,2025-11-05,1153203,Shipped
1099,130,2026-07-01,24120,Delivered
1100,431,2025-04-26,317228,Pending
1101,387,2026-06-08,0,Pending
1102,75,2026-05-22,407424,Pending
1103,216,2026-01-14,381629,Shipped
1104,300,2025-01-11,321874,Pending
1105,384,2024-08-16,444711,Pending
1106,163,2025-06-30,8336,Delivered
1107,188,2026-03-04,345693,Cancelled
1108,452,2026-03-23,0,Cancelled
1109,265,2025-08-29,295500,Cancelled
1110,159,2025-11-11,1191748,Pending
1111,267,2026-05-25,632778,Cancelled
1112,427,2025-03-16,320126,Pending
1113,44,2025-03-25,491671,Pending
1114,126,2025-03-16,555434,Shipped
1115,396,2025-03-21,66327,Pending
1116,63,2024-10-10,347732,Delivered
1117,333,2024-08-04,797151,Pending
1118,247,2025-05-21,336420,Cancelled
1119,272,2025-06-15,938385,Delivered
1120,275,2024-07-25,152344,Shipped
1121,175,2026-06-10,180726,Pending
1122,191,2024-07-23,0,Delivered
1123,336,2025-11-28,421331,Shipped
1124,369,2025-02-04,229955,Pending
1125,158,2024-10-08,1589519,Delivered
1126,138,2025-12-06,312723,Delivered
1127,83,2026-03-23,221903,Pending
1128,280,2024-12-13,220497,Shipped
1129,300,2026-04-25,1447180,Cancelled
1130,191,2025-10-18,398575,Shipped
1131,274,2025-07-14,0,Pending
1132,237,2026-03-23,502000,Delivered
1133,308,2025-11-08,668724,Shipped
1134,327,2024-07-19,192924,Cancelled
1135,395,2025-03-21,318884,Delivered
1136,214,2025-04-11,252408,Pending
1137,30,2025-08-02,559263,Pending
1138,163,2025-01-10,246994,Delivered
1139,372,2025-03-23,373445,Shipped
1140,484,2026-02-01,0,Shipped
1141,367,2025-01-10,803912,Cancelled
1142,215,2025-03-26,693249,Delivered
1143,326,2025-04-29,514172,Pending
1144,156,2026-06-12,839379,Delivered
1145,311,2024-09-19,202077,Cancelled
1146,107,2024-09-05,72742,Cancelled
1147,116,2024-07-29,958582,Shipped
1148,395,2024-11-16,72831,Delivered
1149,297,2026-05-22,490072,Shipped
1150,237,2025-09-01,583330,Pending
1151,477,2024-12-24,1148733,Cancelled
1152,54,2024-09-12,165800,Cancelled
1153,361,2025-06-24,12448,Pending
1154,93,2025-01-28,639536,Shipped
1155,245,2026-04-23,311362,Cancelled
1156,127,2025-08-16,158186,Cancelled
1157,208,2024-11-08,74263,Pending
1158,247,2025-02-14,0,Delivered
1159,5,2024-09-30,906817,Pending
1160,149,2026-06-10,506799,Pending
1161,281,2024-10-25,701734,Cancelled
1162,242,2024-07-26,386897,Delivered
1163,161,2024-12-18,940245,Shipped
1164,174,2026-04-27,822046,Cancelled
1165,355,2024-12-24,189192,Shipped
1166,193,2026-02-01,785773,Shipped
1167,50,2026-05-24,125982,Delivered
1168,176,2025-04-18,1295602,Pending
1169,444,2025-06-08,952118,Pending
1170,463,2025-04-09,316363,Delivered
1171,160,2025-03-12,488052,Delivered
1172,192,2024-11-21,616855,Pending
1173,454,2026-04-02,163591,Pending
1174,245,2024-10-10,185160,Shipped
1175,457,2026-05-10,154260,Shipped
1176,18,2026-01-28,684527,Cancelled
1177,454,2025-08-24,292781,Cancelled
1178,158,2026-04-21,176882,Pending
1179,31,2024-07-12,137200,Delivered
1180,50,2026-01-29,815683,Cancelled
1181,316,2025-12-04,156910,Cancelled
1182,17,2026-01-01,186274,Shipped
1183,460,2024-09-09,337890,Cancelled
1184,310,2024-10-17,353066,Pending
1185,408,2024-12-20,716878,Shipped
1186,331,2025-04-07,200063,Shipped
1187,53,2025-03-10,189504,Delivered
1188,480,2025-06-05,118182,Shipped
1189,114,2026-04-17,253898,Cancelled
1190,380,2025-10-16,244031,Cancelled
1191,313,2024-12-24,263125,Cancelled
1192,461,2025-01-04,787810,Pending
1193,244,2025-01-14,129654,Delivered
1194,189,2024-08-20,325511,Pending
1195,260,2025-08-16,82913,Shipped
1196,82,2025-08-05,586574,Cancelled
1197,323,2025-10-12,192700,Shipped
1198,63,2026-06-20,218226,Delivered
1199,50,2026-02-25,124252,Cancelled
1200,53,2025-04-24,339782,Pending
1201,286,2024-08-18,736208,Pending
1202,161,2024-08-26,641354,Cancelled
1203,70,2024-09-22,531596,Delivered
1204,408,2024-09-08,0,Cancelled
1205,96,2025-12-12,280048,Shipped
1206,66,2025-09-23,561431,Pending
1207,26,2025-06-21,57256,Cancelled
1208,71,2025-11-22,429179,Delivered
1209,97,2026-05-01,0,Cancelled
1210,492,2024-09-09,53002,Shipped
1211,61,2026-01-05,439628,Cancelled
1212,270,2025-02-24,1101956,Shipped
1213,271,2025-11-21,630304,Cancelled
1214,209,2026-03-25,292518,Pending
1215,494,2025-06-18,719350,Shipped
1216,142,2025-07-12,364006,Delivered
1217,20,2025-10-19,1313861,Delivered
1218,289,2025-06-06,985381,Delivered
1219,419,2025-07-25,162283,Shipped
1220,452,2025-08-30,294374,Cancelled
1221,156,2025-08-01,190201,Delivered
1222,216,2025-12-12,45296,Pending
1223,170,2025-03-16,179808,Pending
1224,369,2025-07-28,343968,Delivered
1225,229,2026-05-22,320632,Delivered
1226,305,2026-05-21,844335,Delivered
1227,378,2026-03-16,212929,Cancelled
1228,143,2025-06-25,515524,Pending
1229,485,2026-03-18,633213,Pending
1230,232,2025-06-01,702244,Cancelled
1231,219,2025-05-30,0,Cancelled
1232,486,2024-07-19,976189,Pending
1233,470,2026-03-13,41206,Pending
1234,248,2024-12-30,165163,Shipped
1235,377,2025-12-23,76076,Shipped
1236,211,2024-10-23,415800,Delivered
1237,269,2024-10-09,215716,Cancelled
1238,109,2025-07-12,1156,Pending
1239,29,2024-07-22,1075484,Delivered
1240,194,2024-11-09,623438,Delivered
1241,1,2025-12-18,158632,Cancelled
1242,14,2025-04-21,230936,Shipped
1243,360,2024-08-11,352333,Shipped
1244,433,2025-09-04,800924,Shipped
1245,12,2026-04-04,690788,Delivered
1246,263,2024-12-17,66835,Cancelled
1247,230,2025-06-08,611955,Cancelled
1248,198,2026-06-25,585508,Pending
1249,125,2025-12-17,120076,Cancelled
1250,102,2025-02-03,217825,Cancelled
1251,144,2025-09-25,517701,Delivered
1252,88,2025-11-04,292135,Delivered
1253,54,2025-07-06,568864,Cancelled
1254,350,2024-10-25,712468,Pending
1255,440,2025-05-06,373248,Cancelled
1256,376,2025-08-06,405904,Cancelled
1257,175,2024-11-07,1322515,Pending
1258,134,2025-01-19,875939,Shipped
1259,292,2026-01-01,129925,Shipped
1260,465,2025-01-20,542497,Pending
1261,246,2026-01-22,770069,Shipped
1262,483,2024-12-12,38420,Cancelled
1263,373,2025-12-06,107542,Cancelled
1264,208,2024-10-19,57781,Delivered
1265,306,2025-06-01,331218,Cancelled
1266,224,2025-12-02,300911,Delivered
1267,428,2025-09-22,802562,Pending
1268,197,2026-02-20,168475,Pending
1269,168,2025-01-27,72742,Pending
1270,132,2025-09-02,642275,Pending
1271,197,2025-12-26,717931,Cancelled
1272,2,2025-10-01,70678,Cancelled
1273,370,2024-07-29,548089,Pending
1274,38,2025-10-02,366997,Shipped
1275,449,2024-07-16,116883,Pending
1276,383,2026-06-22,324230,Shipped
1277,85,2025-10-11,0,Cancelled
1278,458,2025-08-10,533174,Delivered
1279,225,2026-02-10,167330,Delivered
1280,235,2025-03-15,45296,Delivered
1281,91,2025-04-11,621461,Pending
1282,376,2025-11-25,485786,Delivered
1283,311,2025-07-09,414800,Delivered
1284,76,2026-01-13,200471,Pending
1285,328,2026-05-15,237939,Pending
1286,252,2025-06-20,306366,Delivered
1287,53,2026-02-07,0,Cancelled
1288,288,2026-06-12,266896,Pending
1289,321,2026-04-04,389748,Delivered
1290,357,2025-07-02,274329,Shipped
1291,445,2025-02-16,264295,Pending
1292,305,2025-06-13,291057,Cancelled
1293,481,2025-03-29,154144,Delivered
1294,184,2026-04-06,461400,Pending
1295,55,2024-12-28,574281,Shipped
1296,432,2025-06-01,394313,Pending
1297,223,2025-07-07,511732,Shipped
1298,98,2025-03-10,230785,Cancelled
1299,51,2025-11-02,783691,Shipped
1300,270,2026-02-12,331259,Delivered
1301,401,2026-06-02,0,Pending
1302,89,2024-12-07,451820,Pending
1303,114,2026-02-27,12060,Shipped
1304,466,2025-08-11,564799,Pending
1305,268,2025-09-22,108026,Delivered
1306,225,2025-03-11,888088,Delivered
1307,496,2025-07-14,159560,Pending
1308,212,2026-01-22,425342,Cancelled
1309,259,2025-05-21,362034,Cancelled
1310,77,2025-08-09,358906,Cancelled
1311,31,2024-07-11,670144,Pending
1312,280,2024-09-17,427136,Cancelled
1313,442,2025-02-06,578653,Pending
1314,161,2026-01-09,35313,Shipped
1315,455,2026-05-20,252268,Pending
1316,338,2024-12-02,440708,Shipped
1317,98,2026-02-06,122427,Cancelled
1318,196,2026-03-23,437505,Shipped
1319,162,2025-03-02,634097,Shipped
1320,325,2024-10-19,331914,Shipped
1321,334,2025-02-17,57551,Delivered
1322,359,2024-10-26,327559,Pending
1323,292,2026-03-14,426493,Delivered
1324,314,2024-12-06,73417,Pending
1325,144,2025-02-12,155844,Cancelled
1326,113,2025-09-19,0,Shipped
1327,75,2024-11-15,131095,Delivered
1328,58,2026-01-18,146592,Shipped
1329,344,2026-06-04,539894,Pending
1330,249,2025-05-14,141066,Cancelled
1331,119,2025-09-09,683793,Pending
1332,411,2024-09-11,0,Cancelled
1333,408,2026-02-20,379540,Cancelled
1334,254,2024-10-17,342620,Pending
1335,147,2024-09-10,286792,Cancelled
1336,327,2025-02-20,587298,Shipped
1337,241,2026-02-15,524288,Shipped
1338,321,2025-03-25,301966,Shipped
1339,167,2024-08-05,343837,Cancelled
1340,141,2024-09-22,356086,Delivered
1341,470,2025-02-12,131059,Pending
1342,39,2026-04-06,410354,Cancelled
1343,339,2025-07-19,470696,Delivered
1344,471,2025-12-20,631242,Shipped
1345,20,2025-07-01,206737,Shipped
1346,474,2025-03-24,484548,Pending
1347,335,2024-07-28,484205,Delivered
1348,23,2026-04-19,318402,Delivered
1349,174,2024-08-17,571921,Cancelled
1350,126,2025-09-22,317626,Shipped
1351,314,2026-06-26,601117,Pending
1352,166,2024-07-30,471287,Cancelled
1353,174,2026-06-15,285823,Shipped
1354,259,2025-12-17,908856,Delivered
1355,15,2024-09-12,29609,Shipped
1356,443,2025-06-23,143517,Pending
1357,377,2025-11-27,1183662,Pending
1358,218,2026-06-14,360700,Cancelled
1359,188,2025-09-27,0,Delivered
1360,188,2025-12-09,702660,Cancelled
1361,389,2024-08-27,436360,Delivered
1362,413,2025-01-17,841520,Cancelled
1363,467,2026-04-18,374686,Pending
1364,186,2025-11-17,135764,Pending
1365,199,2025-12-17,138870,Delivered
1366,203,2025-04-13,238456,Shipped
1367,109,2026-05-29,173733,Delivered
1368,241,2026-02-17,117450,Pending
1369,381,2024-09-26,149714,Shipped
1370,200,2026-03-04,637469,Shipped
1371,293,2024-09-30,0,Cancelled
1372,408,2025-09-05,416597,Cancelled
1373,64,2026-03-04,498958,Pending
1374,237,2025-03-01,63525,Cancelled
1375,121,2025-10-01,114764,Pending
1376,380,2025-06-26,410771,Delivered
1377,138,2024-07-14,92872,Pending
1378,445,2026-06-12,123410,Pending
1379,132,2024-09-09,463576,Cancelled
1380,197,2026-03-13,243302,Delivered
1381,24,2024-08-02,118450,Pending
1382,272,2026-02-25,444018,Cancelled
1383,81,2024-10-06,539462,Pending
1384,147,2025-04-17,519047,Pending
1385,278,2025-11-15,182555,Cancelled
1386,443,2026-05-01,323684,Pending
1387,443,2026-01-04,571345,Delivered
1388,366,2025-06-13,827110,Cancelled
1389,332,2025-11-12,378229,Pending
1390,269,2026-04-13,105658,Cancelled
1391,107,2025-05-26,370486,Delivered
1392,335,2025-07-08,163652,Delivered
1393,272,2025-01-18,379366,Delivered
1394,120,2024-09-26,0,Cancelled
1395,153,2024-10-29,180952,Delivered
1396,186,2024-07-09,117497,Cancelled
1397,352,2025-01-08,238580,Delivered
1398,360,2025-08-26,129144,Shipped
1399,63,2025-02-13,725810,Pending
1400,332,2026-01-09,177242,Shipped
1401,472,2024-07-10,278142,Delivered
1402,79,2024-08-30,441848,Pending
1403,23,2025-01-11,75766,Shipped
1404,425,2025-01-26,65966,Shipped
1405,439,2026-06-03,642169,Pending
1406,220,2026-03-04,568343,Cancelled
1407,213,2025-11-05,312114,Delivered
1408,206,2026-05-21,555957,Pending
1409,259,2025-08-25,122341,Shipped
1410,123,2025-11-05,797337,Delivered
1411,322,2025-02-19,262695,Pending
1412,180,2025-12-11,117434,Pending
1413,392,2025-03-27,400527,Shipped
1414,148,2025-01-20,775490,Cancelled
1415,254,2025-10-16,338816,Shipped
1416,390,2025-02-06,585067,Delivered
1417,6,2024-09-28,284426,Pending
1418,320,2025-07-21,522519,Shipped
1419,90,2024-09-08,148336,Delivered
1420,96,2025-07-06,379929,Cancelled
1421,228,2026-06-02,436672,Cancelled
1422,456,2025-03-10,833151,Cancelled
1423,416,2025-11-05,518357,Delivered
1424,231,2024-07-12,203320,Pending
1425,128,2025-01-03,285862,Shipped
1426,388,2024-07-30,309770,Cancelled
1427,204,2024-07-10,216508,Shipped
1428,95,2024-11-22,894379,Shipped
1429,52,2025-09-25,220188,Shipped
1430,325,2024-09-08,628045,Pending
1431,429,2025-09-19,461325,Delivered
1432,282,2026-06-11,452475,Shipped
1433,300,2025-12-14,679507,Pending
1434,259,2026-04-23,128310,Pending
1435,90,2025-01-07,0,Pending
1436,432,2025-08-30,330581,Pending
1437,474,2025-08-28,206195,Shipped
1438,74,2024-12-14,96120,Pending
1439,227,2026-03-25,341573,Cancelled
1440,13,2026-04-05,151872,Pending
1441,458,2024-08-21,755061,Cancelled
1442,4,2025-08-14,428193,Pending
1443,446,2026-01-17,683438,Shipped
1444,213,2025-04-23,510527,Pending
1445,76,2025-06-23,514872,Cancelled
1446,339,2025-07-25,197848,Pending
1447,41,2025-12-07,87528,Cancelled
1448,180,2025-09-13,46073,Delivered
1449,353,2024-09-21,446305,Shipped
1450,14,2024-08-01,56572,Cancelled
1451,418,2025-01-04,61314,Cancelled
1452,215,2025-09-22,250482,Shipped
1453,468,2025-04-11,149207,Shipped
1454,346,2025-01-09,384578,Pending
1455,354,2025-12-27,234289,Delivered
1456,391,2026-01-20,255085,Shipped
1457,257,2026-02-02,326412,Pending
1458,131,2025-07-20,874754,Pending
1459,296,2025-06-10,329387,Cancelled
1460,134,2024-09-15,102648,Delivered
1461,100,2025-03-31,0,Shipped
1462,1,2025-03-30,418259,Pending
1463,136,2026-04-26,408390,Pending
1464,157,2025-02-03,275988,Delivered
1465,255,2025-04-18,152951,Cancelled
1466,128,2025-09-22,287905,Delivered
1467,12,2026-04-19,76080,Delivered
1468,300,2025-08-24,422685,Delivered
1469,44,2026-03-02,0,Cancelled
1470,398,2024-12-15,165889,Pending
1471,122,2025-02-03,192092,Shipped
1472,496,2024-11-11,87153,Shipped
1473,4,2025-02-16,70734,Shipped
1474,476,2025-10-05,288017,Cancelled
1475,58,2024-11-10,223399,Cancelled
1476,300,2025-03-08,757331,Pending
1477,3,2024-07-21,367657,Cancelled
1478,348,2026-03-21,543073,Shipped
1479,454,2026-05-04,295999,Shipped
1480,458,2025-10-25,440045,Cancelled
1481,2,2025-05-14,104384,Cancelled
1482,161,2024-12-23,204055,Shipped
1483,61,2025-08-15,766297,Delivered
1484,7,2026-04-01,204525,Delivered
1485,140,2024-11-28,76738,Pending
1486,207,2025-11-03,750457,Cancelled
1487,479,2025-07-10,228056,Delivered
1488,20,2026-01-05,65766,Delivered
1489,282,2026-05-25,73914,Pending
1490,311,2025-07-07,898192,Cancelled
1491,40,2026-03-01,0,Cancelled
1492,3,2025-08-06,22388,Pending
1493,386,2026-03-30,14502,Shipped
1494,80,2025-02-04,0,Shipped
1495,487,2026-04-23,0,Pending
1496,76,2026-01-18,488763,Shipped
1497,234,2025-08-15,220521,Delivered
1498,64,2024-10-19,292525,Pending
1499,43,2025-10-28,782373,Shipped
1500,74,2026-02-20,402037,Pending
1501,378,2024-10-07,517529,Cancelled
1502,93,2025-11-11,260406,Cancelled
1503,382,2024-10-14,84474,Shipped
1504,463,2025-07-09,1314144,Cancelled
1505,30,2024-12-07,392855,Pending
1506,421,2025-02-12,153035,Delivered
1507,147,2025-05-04,77858,Delivered
1508,12,2025-12-11,94287,Shipped
1509,267,2025-10-28,130954,Cancelled
1510,5,2026-03-17,309010,Shipped
1511,465,2025-07-05,73606,Pending
1512,28,2025-01-23,0,Pending
1513,43,2025-01-10,289220,Shipped
1514,31,2025-03-09,357435,Delivered
1515,91,2024-12-02,98167,Delivered
1516,270,2025-05-17,653626,Shipped
1517,332,2024-12-31,132654,Shipped
1518,435,2024-07-22,0,Pending
1519,480,2024-08-08,298788,Pending
1520,70,2026-06-27,158981,Cancelled
1521,393,2025-10-30,856632,Shipped
1522,415,2025-12-16,509205,Delivered
1523,409,2025-10-07,267474,Cancelled
1524,63,2026-01-17,0,Cancelled
1525,392,2025-01-23,86998,Shipped
1526,247,2024-10-25,142220,Delivered
1527,183,2024-11-28,93688,Cancelled
1528,72,2025-07-26,220968,Cancelled
1529,173,2025-05-30,287736,Shipped
1530,364,2025-06-30,445634,Shipped
1531,180,2024-07-30,617878,Delivered
1532,178,2024-09-11,190878,Delivered
1533,155,2024-11-05,839262,Pending
1534,343,2024-10-06,281534,Pending
1535,100,2026-01-16,499877,Shipped
1536,142,2025-01-28,272196,Pending
1537,225,2025-12-01,389521,Delivered
1538,61,2026-05-26,182125,Pending
1539,28,2026-02-27,65465,Delivered
1540,373,2025-02-07,600776,Shipped
1541,440,2025-07-10,24748,Pending
1542,28,2025-05-09,578481,Delivered
1543,187,2025-12-24,880094,Pending
1544,10,2025-04-05,0,Delivered
1545,496,2025-12-10,384236,Cancelled
1546,252,2024-07-17,47710,Cancelled
1547,123,2025-06-30,224318,Cancelled
1548,332,2024-08-05,412114,Shipped
1549,303,2026-04-07,131268,Delivered
1550,7,2025-02-23,202430,Cancelled
1551,170,2025-05-09,822037,Delivered
1552,177,2025-07-12,485549,Delivered
1553,145,2025-08-11,19224,Cancelled
1554,441,2026-03-19,411578,Shipped
1555,122,2026-05-26,174075,Cancelled
1556,89,2025-03-22,811739,Delivered
1557,54,2025-06-14,346102,Shipped
1558,379,2026-05-23,509709,Delivered
1559,55,2025-07-06,171278,Delivered
1560,137,2025-08-13,483336,Shipped
1561,319,2025-09-16,80759,Pending
1562,209,2026-04-09,505962,Shipped
1563,248,2025-09-11,427235,Pending
1564,198,2025-07-10,237219,Pending
1565,117,2026-03-14,274963,Pending
1566,101,2024-08-20,65290,Cancelled
1567,289,2026-03-14,215040,Delivered
1568,412,2025-01-16,158146,Shipped
1569,261,2026-02-18,192459,Cancelled
1570,280,2024-11-06,43799,Shipped
1571,432,2025-04-29,248490,Cancelled
1572,27,2025-06-14,524322,Delivered
1573,244,2025-04-09,583039,Shipped
1574,140,2025-09-29,314228,Pending
1575,306,2024-09-13,485230,Cancelled
1576,3,2026-01-18,337318,Delivered
1577,453,2026-03-26,266168,Pending
1578,21,2025-05-12,364712,Shipped
1579,11,2026-02-18,72670,Pending
1580,375,2026-02-14,88280,Pending
1581,293,2026-05-24,202174,Cancelled
1582,463,2026-02-12,209806,Pending
1583,345,2025-09-08,384544,Cancelled
1584,345,2025-01-08,546635,Pending
1585,455,2024-11-04,723399,Delivered
1586,420,2025-02-05,148045,Cancelled
1587,162,2025-10-15,549917,Delivered
1588,229,2026-01-12,156931,Cancelled
1589,83,2025-10-04,44064,Shipped
1590,278,2024-08-17,59227,Pending
1591,383,2024-11-24,53367,Cancelled
1592,239,2025-06-25,93510,Delivered
1593,387,2026-02-03,217416,Delivered
1594,327,2025-12-26,0,Shipped
1595,25,2026-01-08,264504,Pending
1596,126,2026-03-28,367360,Cancelled
1597,24,2026-03-14,147179,Shipped
1598,451,2026-02-14,826035,Pending
1599,299,2024-10-26,282712,Cancelled
1600,500,2025-11-11,636502,Pending
1601,488,2026-05-24,495112,Delivered
1602,316,2024-12-03,79132,Cancelled
1603,139,2024-11-24,454156,Cancelled
1604,6,2025-03-17,306640,Pending
1605,168,2026-02-06,166628,Pending
1606,38,2025-05-08,436221,Cancelled
1607,139,2025-08-08,638832,Cancelled
1608,142,2026-07-01,100986,Pending
1609,422,2025-10-18,314312,Cancelled
1610,357,2025-11-18,285948,Cancelled
1611,223,2025-06-27,0,Cancelled
1612,471,2025-02-13,147550,Shipped
1613,176,2024-11-18,769838,Pending
1614,259,2025-01-03,383598,Shipped
1615,78,2025-01-01,571059,Shipped
1616,186,2026-02-19,379626,Delivered
1617,321,2025-11-10,141252,Delivered
1618,289,2024-12-24,861130,Pending
1619,470,2024-12-28,314404,Cancelled
1620,165,2025-09-22,231551,Pending
1621,202,2025-07-23,67150,Shipped
1622,266,2025-12-29,38716,Pending
1623,220,2025-11-05,230442,Cancelled
1624,409,2025-12-07,451693,Pending
1625,454,2025-11-12,77012,Pending
1626,233,2025-09-03,161869,Shipped
1627,362,2025-12-20,394148,Shipped
1628,251,2025-03-05,86182,Delivered
1629,35,2024-07-14,169756,Cancelled
1630,150,2026-02-11,403090,Pending
1631,110,2026-02-01,41201,Pending
1632,94,2026-06-25,435219,Pending
1633,277,2025-01-23,384972,Shipped
1634,446,2026-06-11,339559,Cancelled
1635,370,2025-05-13,214206,Cancelled
1636,496,2024-10-12,84161,Shipped
1637,160,2025-05-23,170128,Shipped
1638,151,2026-01-25,141252,Pending
1639,178,2025-05-02,632464,Shipped
1640,403,2025-08-24,348652,Shipped
1641,230,2025-01-23,353978,Cancelled
1642,168,2026-02-04,473255,Cancelled
1643,282,2025-04-08,349393,Cancelled
1644,175,2024-07-30,1163022,Cancelled
1645,149,2025-03-04,385618,Pending
1646,186,2026-03-14,371534,Pending
1647,342,2025-03-27,88806,Shipped
1648,131,2025-07-06,679719,Pending
1649,171,2025-09-18,407533,Pending
1650,153,2025-03-11,107328,Delivered
1651,199,2025-01-12,257440,Cancelled
1652,172,2026-04-22,420427,Cancelled
1653,354,2025-03-11,364737,Pending
1654,376,2025-09-14,625556,Pending
1655,44,2025-04-15,476508,Pending
1656,180,2024-10-18,90528,Delivered
1657,58,2025-06-30,679402,Delivered
1658,188,2026-05-12,528628,Delivered
1659,32,2024-09-04,332141,Cancelled
1660,146,2026-05-26,390706,Pending
1661,107,2026-03-12,475364,Shipped
1662,193,2024-08-29,986362,Cancelled
1663,149,2025-02-13,331882,Pending
1664,186,2026-04-15,314211,Cancelled
1665,109,2025-08-08,460038,Pending
1666,315,2026-04-12,0,Pending
1667,190,2025-01-30,214361,Delivered
1668,299,2026-02-12,261714,Cancelled
1669,257,2026-06-15,522440,Delivered
1670,85,2026-05-30,653778,Pending
1671,77,2025-08-13,410764,Pending
1672,322,2024-09-24,386588,Cancelled
1673,314,2025-07-10,637851,Delivered
1674,74,2025-10-25,412764,Cancelled
1675,301,2025-12-20,34565,Shipped
1676,400,2024-10-22,70782,Delivered
1677,255,2026-02-15,57429,Pending
1678,294,2024-07-24,492590,Shipped
1679,308,2025-03-17,201334,Delivered
1680,303,2026-05-23,794113,Delivered
1681,95,2024-08-07,114200,Delivered
1682,36,2026-03-04,137350,Pending
1683,202,2025-07-30,1008700,Cancelled
1684,5,2024-09-01,227620,Cancelled
1685,146,2026-04-27,514895,Pending
1686,464,2025-11-08,488557,Shipped
1687,225,2026-05-09,135032,Shipped
1688,4,2025-05-27,215541,Pending
1689,84,2024-09-23,27963,Pending
1690,466,2025-04-19,64772,Shipped
1691,303,2025-07-31,0,Cancelled
1692,6,2025-10-09,271326,Shipped
1693,26,2026-07-01,812242,Shipped
1694,189,2025-05-29,206726,Shipped
1695,24,2025-08-30,244157,Shipped
1696,190,2025-03-13,561093,Pending
1697,100,2025-01-16,175498,Pending
1698,42,2026-05-03,226750,Shipped
1699,229,2024-07-24,69445,Cancelled
1700,438,2024-11-05,303064,Pending
1701,140,2025-04-28,78195,Delivered
1702,424,2025-08-09,135532,Cancelled
1703,409,2025-06-13,259087,Delivered
1704,137,2025-02-20,330206,Shipped
1705,63,2024-08-03,412883,Pending
1706,425,2024-07-12,130208,Pending
1707,435,2024-10-16,385670,Cancelled
1708,110,2024-10-08,611552,Pending
1709,391,2025-07-02,586287,Delivered
1710,207,2026-04-10,47267,Pending
1711,83,2025-06-06,729013,Cancelled
1712,374,2025-04-02,236510,Delivered
1713,106,2025-03-06,650623,Shipped
1714,221,2026-01-18,619583,Delivered
1715,318,2025-07-17,681673,Pending
1716,89,2025-08-02,447519,Delivered
1717,499,2026-03-23,0,Shipped
1718,175,2024-07-19,333248,Cancelled
1719,198,2025-10-03,124268,Delivered
1720,43,2025-01-25,97485,Cancelled
1721,278,2025-03-31,205756,Pending
1722,101,2026-01-07,286045,Cancelled
1723,23,2025-11-04,78084,Cancelled
1724,204,2025-02-15,194969,Cancelled
1725,388,2025-01-16,374925,Shipped
1726,382,2024-10-19,158403,Shipped
1727,106,2025-03-15,207303,Delivered
1728,365,2025-09-10,106004,Shipped
1729,95,2025-04-07,142917,Shipped
1730,81,2025-11-21,539932,Delivered
1731,444,2024-11-18,0,Pending
1732,64,2025-06-28,275600,Delivered
1733,172,2024-07-06,148914,Pending
1734,274,2025-04-27,182837,Pending
1735,27,2025-06-23,399760,Pending
1736,160,2024-10-15,152091,Pending
1737,178,2025-03-25,7026,Delivered
1738,366,2025-07-17,201341,Cancelled
1739,160,2024-11-09,29019,Shipped
1740,5,2026-05-10,508843,Pending
1741,266,2025-03-12,360312,Cancelled
1742,89,2025-10-22,226291,Delivered
1743,467,2026-04-07,745833,Shipped
1744,430,2025-09-28,277070,Pending
1745,404,2025-03-30,70347,Delivered
1746,363,2026-05-21,653464,Cancelled
1747,267,2025-09-04,146626,Shipped
1748,101,2025-08-07,339984,Pending
1749,426,2024-09-29,839518,Delivered
1750,318,2025-08-13,109354,Pending
1751,333,2026-02-25,491539,Cancelled
1752,104,2025-12-09,360285,Cancelled
1753,121,2025-12-10,154882,Pending
1754,102,2025-11-06,323967,Delivered
1755,124,2025-12-27,585136,Delivered
1756,389,2026-02-17,172063,Shipped
1757,150,2025-03-03,151717,Delivered
1758,428,2026-06-08,568211,Shipped
1759,36,2025-02-16,762202,Pending
1760,267,2024-08-12,16960,Shipped
1761,418,2026-04-29,268075,Delivered
1762,30,2025-12-27,308684,Pending
1763,107,2025-03-18,143868,Delivered
1764,295,2024-11-08,417729,Shipped
1765,244,2024-12-19,758085,Cancelled
1766,114,2025-05-23,725760,Pending
1767,244,2025-11-06,306743,Cancelled
1768,236,2025-08-22,237404,Cancelled
1769,489,2025-06-02,398421,Pending
1770,218,2024-10-20,383947,Pending
1771,142,2025-03-27,442807,Shipped
1772,21,2024-11-26,258232,Shipped
1773,286,2025-10-29,30578,Pending
1774,334,2026-04-02,379686,Delivered
1775,237,2026-02-18,622405,Pending
1776,103,2026-05-15,66172,Cancelled
1777,132,2025-08-04,275110,Shipped
1778,7,2026-02-19,489913,Cancelled
1779,139,2024-07-16,894021,Delivered
1780,82,2024-09-10,95678,Shipped
1781,381,2025-10-30,334315,Shipped
1782,330,2025-12-28,322857,Shipped
1783,39,2025-11-19,121864,Delivered
1784,272,2025-11-21,325735,Delivered
1785,238,2025-05-31,412126,Pending
1786,32,2024-07-30,251667,Delivered
1787,62,2024-09-16,258252,Pending
1788,298,2024-07-12,89835,Delivered
1789,305,2025-10-22,379302,Pending
1790,170,2025-02-20,638332,Pending
1791,395,2025-07-04,114798,Cancelled
1792,72,2024-12-16,670775,Pending
1793,410,2025-08-27,648911,Cancelled
1794,213,2025-07-08,88827,Shipped
1795,52,2026-03-25,0,Pending
1796,28,2026-05-23,539809,Delivered
1797,333,2025-09-24,282994,Shipped
1798,347,2024-09-10,40608,Cancelled
1799,223,2025-08-09,85643,Delivered
1800,120,2024-07-17,529389,Pending
1801,267,2025-06-20,646709,Delivered
1802,156,2025-08-23,185876,Cancelled
1803,284,2024-10-05,402705,Cancelled
1804,77,2025-02-26,0,Cancelled
1805,48,2025-01-22,109260,Pending
1806,370,2025-11-15,238657,Pending
1807,433,2025-12-29,0,Pending
1808,16,2025-02-16,485442,Pending
1809,500,2026-05-13,115747,Pending
1810,495,2024-09-29,896248,Cancelled
1811,65,2025-12-21,801522,Shipped
1812,368,2025-07-24,0,Cancelled
1813,158,2025-07-24,526188,Shipped
1814,192,2025-09-07,361797,Cancelled
1815,254,2026-06-12,409133,Cancelled
1816,11,2026-03-19,157256,Pending
1817,109,2026-03-13,861084,Cancelled
1818,115,2025-08-26,551506,Cancelled
1819,109,2024-11-02,101053,Delivered
1820,424,2025-02-06,539432,Cancelled
1821,181,2025-03-28,34213,Cancelled
1822,269,2025-01-04,572245,Delivered
1823,375,2024-11-05,195589,Pending
1824,123,2025-04-29,484138,Cancelled
1825,186,2024-07-08,385880,Cancelled
1826,331,2025-07-26,244073,Delivered
1827,491,2026-05-24,110240,Shipped
1828,36,2024-10-16,148565,Shipped
1829,102,2025-02-20,675928,Shipped
1830,390,2024-10-30,168240,Cancelled
1831,302,2026-04-06,11466,Delivered
1832,313,2026-06-26,278894,Cancelled
1833,323,2026-02-11,86024,Shipped
1834,487,2025-09-29,133083,Shipped
1835,212,2026-05-15,671270,Cancelled
1836,403,2025-03-22,233476,Shipped
1837,142,2026-02-02,408237,Cancelled
1838,429,2026-01-22,109991,Cancelled
1839,479,2025-01-13,707406,Cancelled
1840,260,2026-05-27,214119,Cancelled
1841,367,2025-06-21,327747,Shipped
1842,323,2024-09-19,0,Cancelled
1843,115,2025-12-29,404367,Delivered
1844,341,2026-06-06,577477,Delivered
1845,439,2025-05-14,259785,Cancelled
1846,478,2025-05-01,285012,Pending
1847,62,2024-08-12,345980,Delivered
1848,91,2024-09-23,229540,Pending
1849,81,2024-11-07,731207,Delivered
1850,376,2025-06-11,183942,Cancelled
1851,393,2026-06-06,682769,Cancelled
1852,301,2025-07-26,432629,Pending
1853,284,2025-11-23,658628,Shipped
1854,287,2026-01-29,236759,Shipped
1855,301,2026-06-08,661002,Shipped
1856,327,2026-04-28,90589,Pending
1857,284,2025-05-19,470629,Delivered
1858,151,2025-07-10,646421,Delivered
1859,46,2026-02-08,236684,Cancelled
1860,41,2025-08-12,182394,Pending
1861,312,2025-08-03,542972,Cancelled
1862,391,2025-09-06,32908,Shipped
1863,187,2025-08-03,476069,Cancelled
1864,2,2024-11-21,63575,Delivered
1865,452,2025-04-25,144858,Shipped
1866,384,2025-06-10,153322,Shipped
1867,480,2025-11-17,340671,Cancelled
1868,100,2024-08-25,305364,Pending
1869,468,2025-05-21,550404,Shipped
1870,448,2025-10-13,273579,Shipped
1871,406,2025-07-15,450471,Pending
1872,472,2025-08-20,105634,Cancelled
1873,169,2024-09-20,444284,Delivered
1874,241,2025-01-15,182815,Shipped
1875,198,2024-08-13,228296,Delivered
1876,100,2025-03-09,221960,Shipped
1877,68,2026-05-21,162806,Cancelled
1878,172,2026-02-14,0,Pending
1879,149,2026-04-07,184202,Delivered
1880,319,2024-08-27,595702,Cancelled
1881,246,2025-05-10,31278,Delivered
1882,264,2024-12-14,110955,Pending
1883,44,2026-03-25,788142,Delivered
1884,440,2025-06-19,592560,Delivered
1885,21,2024-09-29,310277,Pending
1886,350,2024-08-22,215300,Cancelled
1887,265,2025-06-14,708317,Shipped
1888,299,2025-06-04,166303,Cancelled
1889,277,2025-07-30,370105,Delivered
1890,155,2026-04-08,89941,Pending
1891,170,2024-10-08,971300,Delivered
1892,360,2025-07-07,228875,Shipped
1893,445,2026-02-16,297039,Cancelled
1894,93,2024-09-06,306573,Cancelled
1895,457,2024-12-10,772083,Delivered
1896,158,2026-02-02,242503,Shipped
1897,454,2024-12-12,87331,Pending
1898,500,2024-07-31,388351,Shipped
1899,56,2025-02-05,403827,Pending
1900,414,2024-11-25,308153,Delivered
1901,479,2024-07-25,713954,Shipped
1902,136,2025-05-21,473300,Shipped
1903,265,2025-11-26,67533,Pending
1904,318,2025-11-12,71253,Shipped
1905,38,2026-03-23,28665,Cancelled
1906,490,2026-03-31,45680,Delivered
1907,129,2025-03-02,434341,Delivered
1908,471,2025-12-29,249325,Pending
1909,391,2026-03-18,549400,Pending
1910,437,2025-04-29,774623,Cancelled
1911,262,2024-11-27,440094,Delivered
1912,131,2024-11-07,288268,Pending
1913,435,2026-04-09,296521,Delivered
1914,385,2025-04-09,474638,Pending
1915,270,2024-10-25,247401,Shipped
1916,383,2026-05-12,596989,Shipped
1917,233,2026-01-20,675537,Pending
1918,156,2026-06-05,442091,Cancelled
1919,452,2026-01-31,650764,Shipped
1920,427,2024-12-24,0,Delivered
1921,64,2025-06-09,507043,Shipped
1922,380,2025-06-24,142417,Cancelled
1923,491,2025-01-20,13180,Pending
1924,93,2024-12-26,163704,Shipped
1925,390,2025-02-03,468051,Cancelled
1926,186,2024-12-07,63948,Pending
1927,359,2025-04-08,434135,Delivered
1928,103,2025-08-09,47268,Pending
1929,46,2024-11-01,690638,Pending
1930,367,2025-02-16,259661,Delivered
1931,188,2025-08-17,250369,Shipped
1932,253,2024-09-12,725506,Cancelled
1933,177,2025-12-10,180115,Delivered
1934,116,2025-03-21,350304,Delivered
1935,213,2025-06-15,653717,Pending
1936,297,2025-10-30,587997,Delivered
1937,463,2024-10-18,481052,Shipped
1938,174,2024-09-23,304178,Delivered
1939,54,2025-08-04,909740,Shipped
1940,33,2025-11-23,155358,Pending
1941,3,2025-07-25,756955,Cancelled
1942,185,2025-11-18,218000,Shipped
1943,313,2025-07-16,1009168,Cancelled
1944,20,2025-04-09,1116148,Delivered
1945,259,2025-09-27,742580,Pending
1946,40,2025-04-20,113748,Cancelled
1947,159,2024-10-06,32397,Cancelled
1948,426,2024-08-12,441873,Pending
1949,494,2025-02-12,859834,Pending
1950,18,2025-11-08,436844,Delivered
1951,79,2025-07-26,643439,Delivered
1952,255,2025-07-01,173565,Delivered
1953,492,2025-03-02,87222,Pending
1954,139,2026-06-17,356469,Pending
1955,116,2025-03-19,560785,Pending
1956,394,2025-09-24,254645,Delivered
1957,156,2025-12-27,710093,Shipped
1958,368,2025-03-18,395490,Delivered
1959,372,2025-12-31,200692,Cancelled
1960,287,2025-06-20,71000,Cancelled
1961,366,2025-04-13,279090,Shipped
1962,68,2025-04-22,207849,Shipped
1963,441,2024-10-16,688329,Shipped
1964,136,2026-01-25,0,Shipped
1965,310,2024-12-24,169750,Delivered
1966,379,2024-09-24,284935,Pending
1967,253,2024-11-03,155937,Delivered
1968,390,2025-08-11,155513,Cancelled
1969,425,2026-06-11,443870,Pending
1970,483,2024-09-10,908640,Delivered
1971,19,2025-08-27,236232,Cancelled
1972,400,2025-06-28,494855,Cancelled
1973,234,2025-08-05,130600,Pending
1974,206,2025-03-01,245922,Delivered
1975,183,2024-11-01,310802,Shipped
1976,482,2024-10-17,305350,Pending
1977,16,2026-03-17,125859,Pending
1978,436,2025-07-24,284010,Delivered
1979,477,2025-10-01,391638,Pending
1980,244,2024-11-08,337927,Shipped
1981,476,2024-10-10,328132,Shipped
1982,198,2024-09-08,816568,Shipped
1983,179,2026-06-25,49613,Delivered
1984,429,2025-06-15,112737,Cancelled
1985,155,2025-06-09,0,Shipped
1986,116,2026-04-25,148298,Shipped
1987,300,2024-10-01,453193,Delivered
1988,72,2024-08-05,598365,Cancelled
1989,41,2026-03-31,556869,Shipped
1990,209,2025-12-07,361839,Delivered
1991,428,2024-09-30,35481,Cancelled
1992,89,2024-08-07,586962,Delivered
1993,227,2025-06-12,224539,Delivered
1994,260,2026-03-02,52776,Pending
1995,124,2024-12-02,360188,Cancelled
1996,369,2026-01-01,98188,Delivered
1997,474,2025-07-10,264348,Shipped
1998,140,2026-06-11,57855,Cancelled
1999,25,2024-11-27,62058,Cancelled
2000,443,2025-12-28,570838,Shipped
