payment_id,order_id,payment_date,payment_method,payment_status,amount
1,1,2025-05-22,UPI,Paid,701248
2,2,2026-02-07,Net Banking,Paid,241958
3,3,2024-12-06,Credit Card,Paid,882560
4,4,2024-09-01,Cash on Delivery,Paid,301797
5,5,2024-08-24,UPI,Paid,172141
6,6,2025-05-01,Debit Card,Refunded,287736
7,7,2026-06-14,Debit Card,Paid,471190
8,8,2024-09-20,Net Banking,Refunded,601447
9,9,2026-06-25,UPI,Refunded,1464867
10,10,2025-08-05,Credit Card,Refunded,512372
11,11,2024-12-03,Net Banking,Paid,347996
12,12,2025-06-14,Cash on Delivery,Paid,159936
13,13,2025-01-03,Net Banking,Paid,70038
14,14,2024-09-13,UPI,Paid,22566
15,15,2025-07-23,Cash on Delivery,Paid,126328
16,16,2025-11-13,Debit Card,Refunded,66085
17,17,2026-04-01,Credit Card,Refunded,774409
18,18,2024-08-17,Debit Card,Paid,812717
19,19,2026-03-16,Credit Card,Refunded,356537
20,20,2025-08-28,Credit Card,Paid,392680
21,21,2026-06-23,Cash on Delivery,Paid,70404
22,22,2025-06-15,Credit Card,Paid,358019
23,23,2025-02-23,Net Banking,Paid,1012872
24,24,2026-02-19,Net Banking,Paid,507264
25,25,2025-02-16,Debit Card,Paid,427549
26,26,2024-08-13,Net Banking,Refunded,463135
27,27,2024-12-26,Net Banking,Paid,263238
28,28,2026-03-21,Cash on Delivery,Paid,601975
29,29,2024-10-26,UPI,Paid,0
30,30,2025-10-28,Debit Card,Refunded,519415
31,31,2025-05-22,Debit Card,Paid,231439
32,32,2025-06-25,Net Banking,Refunded,127428
33,33,2026-05-18,Cash on Delivery,Paid,175490
34,34,2025-04-19,Debit Card,Paid,155625
35,35,2025-02-07,Debit Card,Paid,426270
36,36,2024-12-25,Cash on Delivery,Refunded,190667
37,37,2026-01-21,Net Banking,Paid,205913
38,38,2026-04-22,Credit Card,Refunded,332930
39,39,2024-09-02,Debit Card,Paid,251736
40,40,2025-12-08,Credit Card,Paid,737085
41,41,2026-01-05,Debit Card,Paid,149580
42,42,2025-11-03,UPI,Paid,151035
43,43,2024-12-29,Cash on Delivery,Paid,241451
44,44,2025-12-29,Debit Card,Refunded,148182
45,45,2025-10-26,UPI,Paid,945680
46,46,2026-02-13,UPI,Paid,300074
47,47,2025-05-02,Debit Card,Paid,467682
48,48,2025-05-14,Debit Card,Paid,561419
49,49,2025-04-06,Debit Card,Paid,145390
50,50,2024-09-28,Debit Card,Paid,433828
51,51,2026-04-14,Net Banking,Paid,702298
52,52,2026-06-28,Credit Card,Refunded,193014
53,53,2026-06-23,Credit Card,Paid,521825
54,54,2025-03-25,UPI,Refunded,53655
55,55,2026-06-14,UPI,Paid,478124
56,56,2024-10-14,UPI,Paid,595098
57,57,2026-03-19,Credit Card,Paid,405889
58,58,2026-01-11,UPI,Paid,420491
59,59,2024-08-03,Net Banking,Paid,75032
60,60,2025-04-16,Cash on Delivery,Paid,470039
61,61,2024-11-19,Credit Card,Paid,286799
62,62,2026-04-14,Debit Card,Paid,560728
63,63,2024-07-28,Credit Card,Refunded,360286
64,64,2025-08-24,UPI,Paid,619391
65,65,2025-05-31,Credit Card,Paid,589715
66,66,2025-12-29,Cash on Delivery,Refunded,254691
67,67,2026-02-22,Net Banking,Paid,332919
68,68,2026-02-14,Credit Card,Paid,495326
69,69,2025-01-08,Credit Card,Paid,764222
70,70,2025-01-11,Debit Card,Refunded,239213
71,71,2025-04-30,Debit Card,Refunded,148220
72,72,2024-12-12,Cash on Delivery,Paid,857062
73,73,2024-09-02,UPI,Paid,491994
74,74,2025-08-26,Debit Card,Paid,186201
75,75,2026-05-29,Cash on Delivery,Paid,262456
76,76,2024-11-19,UPI,Paid,0
77,77,2025-07-23,UPI,Paid,29019
78,78,2024-12-10,Credit Card,Paid,451541
79,79,2025-09-04,Net Banking,Paid,174444
80,80,2024-08-21,Cash on Delivery,Refunded,922890
81,81,2024-12-31,Debit Card,Paid,624677
82,82,2025-05-02,UPI,Refunded,72530
83,83,2026-04-07,Cash on Delivery,Paid,27724
84,84,2025-04-10,Debit Card,Paid,193235
85,85,2024-09-02,Debit Card,Refunded,132850
86,86,2024-07-12,Credit Card,Paid,156910
87,87,2025-01-02,Credit Card,Refunded,77389
88,88,2025-12-26,Credit Card,Paid,101631
89,89,2025-10-13,UPI,Paid,497206
90,90,2026-06-24,Debit Card,Paid,189834
91,91,2025-06-24,Credit Card,Paid,255951
92,92,2025-12-08,UPI,Refunded,758897
93,93,2025-06-04,Credit Card,Refunded,263024
94,94,2025-02-09,Credit Card,Refunded,764111
95,95,2024-11-22,Net Banking,Paid,517731
96,96,2025-03-21,Debit Card,Paid,354637
97,97,2025-02-13,UPI,Paid,163171
98,98,2025-08-30,UPI,Paid,47267
99,99,2025-11-22,Cash on Delivery,Paid,32101
100,100,2025-12-01,UPI,Refunded,670945
101,101,2024-11-12,Cash on Delivery,Paid,108007
102,102,2025-04-27,Cash on Delivery,Refunded,563016
103,103,2026-02-17,Net Banking,Paid,191871
104,104,2025-04-18,Credit Card,Paid,301718
105,105,2026-04-18,Credit Card,Paid,302685
106,106,2025-10-03,Cash on Delivery,Refunded,275243
107,107,2025-04-08,UPI,Refunded,727237
108,108,2025-07-09,UPI,Refunded,511048
109,109,2025-04-20,Net Banking,Refunded,393531
110,110,2024-12-17,Debit Card,Refunded,160653
111,111,2026-06-10,Debit Card,Paid,820530
112,112,2025-12-27,Net Banking,Paid,208299
113,113,2026-03-20,Debit Card,Paid,372959
114,114,2025-07-13,UPI,Paid,14502
115,115,2025-05-21,UPI,Paid,49544
116,116,2026-05-31,UPI,Paid,1141970
117,117,2025-11-10,UPI,Paid,751064
118,118,2025-07-11,Debit Card,Refunded,108692
119,119,2024-10-09,Debit Card,Refunded,276763
120,120,2026-02-07,Credit Card,Paid,250270
121,121,2024-10-30,Cash on Delivery,Refunded,487896
122,122,2024-08-02,Credit Card,Paid,676111
123,123,2026-05-23,UPI,Paid,183504
124,124,2024-12-13,Net Banking,Paid,888306
125,125,2024-09-11,UPI,Refunded,457546
126,126,2025-06-09,Credit Card,Paid,56800
127,127,2026-01-21,Net Banking,Refunded,454776
128,128,2025-09-07,Credit Card,Paid,48600
129,129,2025-03-15,Credit Card,Refunded,741341
130,130,2025-04-09,Credit Card,Paid,305780
131,131,2025-04-03,Debit Card,Refunded,339095
132,132,2025-01-21,Cash on Delivery,Paid,102652
133,133,2025-09-05,Net Banking,Paid,522631
134,134,2025-02-01,Debit Card,Paid,510394
135,135,2025-11-07,Cash on Delivery,Paid,581018
136,136,2025-01-18,Cash on Delivery,Paid,563304
137,137,2026-03-04,Credit Card,Paid,470134
138,138,2025-03-21,Net Banking,Paid,486973
139,139,2025-12-02,Credit Card,Paid,198599
140,140,2024-12-18,Cash on Delivery,Paid,249747
141,141,2025-02-27,UPI,Refunded,497417
142,142,2025-12-05,Credit Card,Refunded,939745
143,143,2025-11-28,Debit Card,Refunded,419027
144,144,2026-01-18,Credit Card,Paid,522366
145,145,2026-01-26,Credit Card,Refunded,253052
146,146,2025-10-30,Cash on Delivery,Paid,445344
147,147,2025-08-27,Credit Card,Paid,476728
148,148,2026-04-30,Cash on Delivery,Paid,1089804
149,149,2024-07-22,UPI,Paid,332588
150,150,2024-10-21,Credit Card,Refunded,132878
151,151,2024-10-02,UPI,Refunded,381600
152,152,2026-01-12,UPI,Refunded,174043
153,153,2025-05-01,UPI,Paid,437327
154,154,2024-12-03,Debit Card,Refunded,574201
155,155,2024-12-20,Net Banking,Refunded,1125438
156,156,2025-10-03,Cash on Delivery,Paid,277062
157,157,2024-11-23,UPI,Paid,1123620
158,158,2025-07-28,Net Banking,Paid,79132
159,159,2025-06-07,Debit Card,Paid,355106
160,160,2024-10-05,Net Banking,Refunded,2417
161,161,2026-04-02,UPI,Refunded,109818
162,162,2025-10-02,Credit Card,Paid,168164
163,163,2024-10-09,Cash on Delivery,Refunded,251615
164,164,2025-10-01,Debit Card,Refunded,128072
165,165,2025-06-16,UPI,Paid,590246
166,166,2025-08-27,Net Banking,Refunded,227405
167,167,2025-06-09,Debit Card,Paid,73849
168,168,2025-01-14,UPI,Paid,747073
169,169,2025-08-08,UPI,Paid,436464
170,170,2026-04-30,Credit Card,Refunded,96046
171,171,2026-03-30,Net Banking,Refunded,271618
172,172,2025-03-24,Debit Card,Refunded,745235
173,173,2026-03-20,Credit Card,Paid,791993
174,174,2026-03-19,Net Banking,Paid,90116
175,175,2025-01-27,Debit Card,Paid,76948
176,176,2024-07-02,Net Banking,Paid,324031
177,177,2024-11-12,Debit Card,Refunded,525792
178,178,2024-10-12,Cash on Delivery,Paid,338034
179,179,2026-04-22,UPI,Refunded,278577
180,180,2025-03-27,Credit Card,Refunded,755006
181,181,2024-08-06,UPI,Paid,487221
182,182,2025-03-23,Credit Card,Paid,178225
183,183,2025-10-14,Cash on Delivery,Refunded,431542
184,184,2026-05-11,Debit Card,Paid,347880
185,185,2024-08-18,Net Banking,Refunded,1032327
186,186,2024-08-11,Net Banking,Paid,46898
187,187,2025-10-13,Net Banking,Paid,8775
188,188,2025-09-22,Credit Card,Paid,0
189,189,2026-04-30,UPI,Paid,626546
190,190,2026-06-08,Cash on Delivery,Paid,26044
191,191,2025-08-07,UPI,Refunded,690612
192,192,2025-11-04,UPI,Paid,229121
193,193,2025-06-30,Cash on Delivery,Paid,590578
194,194,2025-03-06,Credit Card,Paid,17347
195,195,2025-09-07,Credit Card,Paid,251624
196,196,2026-03-21,UPI,Paid,371169
197,197,2026-03-17,Credit Card,Paid,45867
198,198,2024-10-23,UPI,Paid,433832
199,199,2026-06-02,Credit Card,Refunded,412714
200,200,2026-02-04,Net Banking,Paid,311181
201,201,2026-02-17,UPI,Refunded,318252
202,202,2024-07-19,UPI,Paid,256011
203,203,2026-04-21,Cash on Delivery,Refunded,191527
204,204,2025-01-09,Credit Card,Paid,291646
205,205,2025-04-03,Cash on Delivery,Paid,621749
206,206,2025-11-07,UPI,Paid,905409
207,207,2025-11-06,Credit Card,Paid,286340
208,208,2024-12-01,Net Banking,Paid,94376
209,209,2025-09-07,Debit Card,Refunded,451089
210,210,2026-06-02,Cash on Delivery,Paid,47016
211,211,2024-07-04,Net Banking,Paid,37516
212,212,2025-05-08,Net Banking,Paid,347344
213,213,2026-04-06,Credit Card,Paid,507251
214,214,2025-02-21,Debit Card,Paid,759537
215,215,2024-08-31,UPI,Refunded,949810
216,216,2026-05-03,UPI,Paid,281648
217,217,2026-02-05,UPI,Paid,699471
218,218,2024-12-09,Credit Card,Paid,331206
219,219,2024-07-16,Cash on Delivery,Paid,501806
220,220,2025-06-12,UPI,Paid,609662
221,221,2024-11-09,Net Banking,Refunded,0
222,222,2026-02-18,Credit Card,Paid,402014
223,223,2026-04-27,Credit Card,Paid,115883
224,224,2025-04-12,Net Banking,Paid,2333
225,225,2025-04-26,Credit Card,Refunded,316280
226,226,2025-02-19,Cash on Delivery,Paid,199872
227,227,2024-12-13,Credit Card,Paid,288248
228,228,2024-12-10,Credit Card,Paid,480670
229,229,2024-10-10,Credit Card,Paid,365806
230,230,2025-12-26,Debit Card,Paid,374969
231,231,2026-05-18,Debit Card,Paid,73176
232,232,2025-11-09,UPI,Refunded,876922
233,233,2025-11-30,Debit Card,Refunded,464427
234,234,2025-01-16,Credit Card,Paid,102648
235,235,2024-12-08,Net Banking,Paid,418672
236,236,2024-08-30,UPI,Paid,1038620
237,237,2024-09-15,UPI,Refunded,489055
238,238,2025-08-05,Cash on Delivery,Paid,262493
239,239,2025-06-21,Debit Card,Refunded,153082
240,240,2024-12-31,Cash on Delivery,Paid,299160
241,241,2025-03-31,Net Banking,Refunded,573429
242,242,2025-11-16,Cash on Delivery,Refunded,274489
243,243,2025-10-13,Debit Card,Paid,459118
244,244,2024-12-11,Debit Card,Paid,167755
245,245,2025-12-30,Credit Card,Paid,349930
246,246,2025-03-01,UPI,Refunded,419339
247,247,2025-08-15,UPI,Refunded,237518
248,248,2025-04-03,Net Banking,Refunded,384108
249,249,2025-07-23,Debit Card,Refunded,375552
250,250,2025-12-07,Credit Card,Paid,405828
251,251,2025-01-04,Cash on Delivery,Paid,130441
252,252,2025-11-10,UPI,Paid,429432
253,253,2025-07-02,Credit Card,Paid,589868
254,254,2025-05-30,Credit Card,Refunded,251637
255,255,2025-06-30,UPI,Paid,180456
256,256,2026-06-09,UPI,Paid,316129
257,257,2026-04-17,Debit Card,Paid,1389467
258,258,2025-11-14,Cash on Delivery,Paid,67758
259,259,2026-02-15,Debit Card,Paid,10552
260,260,2025-06-13,UPI,Paid,48480
261,261,2024-10-03,Debit Card,Paid,0
262,262,2025-03-10,Debit Card,Paid,267500
263,263,2026-04-20,Debit Card,Paid,733282
264,264,2024-09-07,UPI,Refunded,613357
265,265,2026-04-23,Cash on Delivery,Paid,345537
266,266,2026-02-04,UPI,Paid,547423
267,267,2026-06-06,Credit Card,Paid,497578
268,268,2024-11-14,Debit Card,Paid,346296
269,269,2025-10-20,Debit Card,Refunded,471501
270,270,2025-02-01,Cash on Delivery,Paid,443214
271,271,2024-12-15,Credit Card,Paid,39595
272,272,2025-09-14,Cash on Delivery,Paid,275439
273,273,2026-02-24,Debit Card,Paid,362025
274,274,2025-01-26,Debit Card,Paid,1515
275,275,2024-11-20,Net Banking,Paid,7679
276,276,2025-01-13,Net Banking,Paid,1212210
277,277,2026-02-11,Cash on Delivery,Paid,586082
278,278,2025-05-25,Credit Card,Paid,51332
279,279,2026-05-27,Cash on Delivery,Paid,39776
280,280,2025-07-22,Net Banking,Refunded,0
281,281,2025-04-02,Cash on Delivery,Paid,535068
282,282,2025-12-09,Net Banking,Paid,988236
283,283,2026-01-31,UPI,Refunded,694421
284,284,2024-08-29,Cash on Delivery,Paid,379265
285,285,2026-05-10,Debit Card,Paid,1071743
286,286,2024-10-03,Credit Card,Refunded,1028286
287,287,2024-09-04,Net Banking,Refunded,441689
288,288,2025-01-20,Debit Card,Refunded,46020
289,289,2025-11-06,Net Banking,Paid,7488
290,290,2026-04-14,UPI,Paid,479575
291,291,2025-06-06,Credit Card,Paid,420072
292,292,2024-10-15,Debit Card,Paid,216525
293,293,2025-01-26,Cash on Delivery,Paid,504003
294,294,2025-11-04,UPI,Paid,200064
295,295,2026-02-20,Cash on Delivery,Paid,117161
296,296,2025-05-10,Cash on Delivery,Paid,445983
297,297,2024-11-15,UPI,Refunded,390478
298,298,2024-11-27,UPI,Paid,993138
299,299,2025-05-15,Net Banking,Refunded,182405
300,300,2025-06-28,Credit Card,Paid,524689
301,301,2026-04-02,Cash on Delivery,Paid,0
302,302,2026-03-16,Net Banking,Paid,414550
303,303,2025-05-03,Credit Card,Refunded,324483
304,304,2025-05-16,Cash on Delivery,Paid,633591
305,305,2024-10-16,Net Banking,Paid,328875
306,306,2025-09-11,UPI,Paid,814902
307,307,2025-09-20,Net Banking,Paid,629395
308,308,2025-02-21,Net Banking,Paid,82402
309,309,2025-03-06,Net Banking,Paid,25442
310,310,2025-09-22,Debit Card,Refunded,564372
311,311,2025-04-07,Credit Card,Paid,123876
312,312,2025-01-08,Debit Card,Paid,792548
313,313,2025-09-15,Debit Card,Paid,100362
314,314,2024-10-06,Net Banking,Refunded,684720
315,315,2025-12-29,Credit Card,Refunded,234040
316,316,2026-01-14,Cash on Delivery,Paid,88238
317,317,2025-11-13,Debit Card,Paid,278659
318,318,2025-11-30,Net Banking,Paid,149890
319,319,2024-10-31,Net Banking,Paid,332584
320,320,2025-05-05,Credit Card,Refunded,891695
321,321,2025-04-19,Cash on Delivery,Refunded,802578
322,322,2025-12-12,Credit Card,Paid,322085
323,323,2024-12-09,Credit Card,Paid,413797
324,324,2026-06-05,UPI,Paid,844977
325,325,2026-04-27,Cash on Delivery,Paid,325019
326,326,2025-12-10,Net Banking,Paid,609410
327,327,2026-04-08,Cash on Delivery,Paid,476229
328,328,2025-04-09,Debit Card,Paid,618297
329,329,2025-10-20,Net Banking,Paid,365590
330,330,2025-03-07,Credit Card,Paid,352999
331,331,2024-08-28,Debit Card,Refunded,506300
332,332,2025-03-03,UPI,Paid,723303
333,333,2025-10-26,UPI,Paid,262695
334,334,2024-07-12,Debit Card,Paid,1440080
335,335,2026-04-11,Cash on Delivery,Paid,263002
336,336,2026-06-20,Credit Card,Paid,24513
337,337,2026-05-07,Debit Card,Paid,364846
338,338,2025-05-26,UPI,Refunded,221494
339,339,2026-01-24,Net Banking,Paid,363675
340,340,2025-08-14,UPI,Paid,703798
341,341,2025-05-08,Credit Card,Refunded,230487
342,342,2025-11-30,Net Banking,Paid,283495
343,343,2025-02-15,Cash on Delivery,Paid,688623
344,344,2025-04-05,Credit Card,Refunded,318804
345,345,2024-09-17,UPI,Paid,766496
346,346,2026-01-31,Net Banking,Paid,39776
347,347,2025-07-07,Debit Card,Refunded,486225
348,348,2025-08-10,UPI,Paid,523101
349,349,2025-06-16,Debit Card,Paid,68326
350,350,2025-01-17,Credit Card,Paid,315756
351,351,2025-10-01,Debit Card,Paid,528132
352,352,2025-07-05,Cash on Delivery,Refunded,372808
353,353,2024-09-06,UPI,Paid,0
354,354,2025-03-18,Credit Card,Paid,101766
355,355,2026-03-21,UPI,Paid,38234
356,356,2026-04-30,Debit Card,Paid,51324
357,357,2026-04-18,Cash on Delivery,Paid,727548
358,358,2026-06-01,Cash on Delivery,Paid,819894
359,359,2026-05-09,Cash on Delivery,Paid,681265
360,360,2025-04-19,UPI,Paid,108351
361,361,2025-12-07,Net Banking,Paid,142470
362,362,2026-05-30,Net Banking,Paid,370318
363,363,2024-09-25,UPI,Refunded,193050
364,364,2025-09-15,Cash on Delivery,Paid,782912
365,365,2026-04-25,UPI,Paid,92580
366,366,2025-03-12,Net Banking,Paid,36588
367,367,2024-12-10,Cash on Delivery,Paid,361240
368,368,2026-03-03,UPI,Paid,196440
369,369,2025-10-04,Credit Card,Paid,356175
370,370,2025-01-14,Debit Card,Paid,719871
371,371,2025-11-23,UPI,Paid,650735
372,372,2025-05-23,Credit Card,Refunded,178552
373,373,2025-06-18,Cash on Delivery,Refunded,93274
374,374,2025-07-18,Net Banking,Refunded,169927
375,375,2025-03-28,UPI,Refunded,237367
376,376,2025-12-04,UPI,Paid,206937
377,377,2025-08-29,UPI,Paid,0
378,378,2026-01-29,Credit Card,Paid,290320
379,379,2024-08-12,Cash on Delivery,Refunded,147571
380,380,2024-09-12,Cash on Delivery,Paid,538146
381,381,2025-11-18,Credit Card,Paid,436870
382,382,2025-08-10,Credit Card,Paid,110090
383,383,2026-03-07,Net Banking,Refunded,93468
384,384,2025-05-26,Debit Card,Paid,289050
385,385,2025-02-18,Credit Card,Paid,426989
386,386,2025-04-21,Credit Card,Paid,185298
387,387,2025-05-27,UPI,Refunded,60807
388,388,2025-08-26,UPI,Paid,0
389,389,2024-11-11,Credit Card,Paid,71487
390,390,2024-11-10,Credit Card,Paid,218784
391,391,2026-02-05,Credit Card,Paid,213563
392,392,2025-06-08,Net Banking,Refunded,275916
393,393,2025-06-20,Net Banking,Paid,356770
394,394,2024-11-09,Debit Card,Paid,84262
395,395,2026-04-17,Credit Card,Paid,129590
396,396,2025-10-15,Credit Card,Paid,600127
397,397,2025-09-13,UPI,Paid,347854
398,398,2025-04-24,Cash on Delivery,Paid,274235
399,399,2025-09-07,UPI,Paid,494029
400,400,2025-07-02,Cash on Delivery,Paid,111012
401,401,2025-05-19,UPI,Refunded,19248
402,402,2025-05-12,Credit Card,Refunded,177532
403,403,2026-06-22,Cash on Delivery,Paid,95043
404,404,2025-04-13,Credit Card,Paid,257710
405,405,2024-11-26,Credit Card,Paid,1079693
406,406,2024-09-30,Debit Card,Paid,7020
407,407,2025-12-28,Cash on Delivery,Paid,386356
408,408,2024-08-23,Cash on Delivery,Paid,1196680
409,409,2026-06-04,Net Banking,Refunded,11817
410,410,2026-03-20,Debit Card,Paid,254776
411,411,2026-04-17,Debit Card,Refunded,373125
412,412,2026-02-04,Cash on Delivery,Refunded,510092
413,413,2025-01-10,Net Banking,Paid,79933
414,414,2024-12-29,Net Banking,Paid,156470
415,415,2025-08-23,UPI,Paid,976235
416,416,2024-11-07,UPI,Paid,446712
417,417,2025-07-15,UPI,Paid,162744
418,418,2025-03-11,Net Banking,Refunded,657120
419,419,2025-08-08,Credit Card,Paid,252444
420,420,2026-01-29,UPI,Paid,192341
421,421,2026-06-13,Cash on Delivery,Refunded,218486
422,422,2026-03-03,UPI,Paid,744376
423,423,2025-07-21,Cash on Delivery,Paid,565692
424,424,2026-02-02,Net Banking,Refunded,410301
425,425,2025-09-04,Debit Card,Paid,268920
426,426,2026-02-23,Debit Card,Paid,269052
427,427,2024-11-18,Debit Card,Refunded,300148
428,428,2025-10-14,Cash on Delivery,Paid,401552
429,429,2026-03-13,Debit Card,Refunded,183184
430,430,2026-06-03,Credit Card,Paid,199492
431,431,2024-10-30,UPI,Paid,67766
432,432,2024-12-25,Debit Card,Paid,0
433,433,2025-07-31,Credit Card,Paid,384586
434,434,2024-12-31,Net Banking,Paid,601095
435,435,2025-03-20,Debit Card,Paid,48286
436,436,2026-04-04,Cash on Delivery,Paid,293939
437,437,2025-10-28,Credit Card,Paid,54996
438,438,2024-08-11,UPI,Paid,306049
439,439,2025-02-05,UPI,Refunded,457942
440,440,2026-04-04,Cash on Delivery,Paid,622321
441,441,2026-05-06,Cash on Delivery,Paid,47710
442,442,2026-04-23,Credit Card,Refunded,237462
443,443,2026-02-18,Debit Card,Paid,807156
444,444,2025-08-19,Credit Card,Refunded,356175
445,445,2025-07-24,Debit Card,Refunded,931065
446,446,2026-03-31,Credit Card,Paid,319508
447,447,2025-12-20,Cash on Delivery,Refunded,368680
448,448,2026-02-09,Net Banking,Paid,1207799
449,449,2026-04-07,UPI,Paid,389841
450,450,2025-06-29,Net Banking,Refunded,404591
451,451,2025-10-02,UPI,Paid,482413
452,452,2024-07-04,Credit Card,Paid,219418
453,453,2025-10-03,Credit Card,Refunded,668137
454,454,2024-10-04,Credit Card,Paid,380208
455,455,2025-12-01,UPI,Paid,811061
456,456,2025-05-14,Credit Card,Paid,249619
457,457,2024-12-19,Net Banking,Paid,1189899
458,458,2026-06-03,UPI,Paid,263361
459,459,2024-08-24,Net Banking,Paid,235940
460,460,2026-03-04,UPI,Paid,142167
461,461,2025-08-19,UPI,Paid,104948
462,462,2025-10-07,Cash on Delivery,Paid,105623
463,463,2024-07-05,UPI,Paid,856970
464,464,2026-02-06,Net Banking,Paid,265652
465,465,2024-07-06,UPI,Paid,556759
466,466,2025-09-12,Debit Card,Refunded,529774
467,467,2025-08-01,UPI,Refunded,131836
468,468,2024-10-12,Net Banking,Paid,709356
469,469,2025-08-03,Net Banking,Refunded,302312
470,470,2026-05-16,UPI,Paid,124418
471,471,2024-11-28,UPI,Paid,790328
472,472,2024-11-14,UPI,Paid,0
473,473,2026-04-04,Credit Card,Paid,0
474,474,2025-02-22,Net Banking,Paid,14629
475,475,2024-08-14,UPI,Refunded,107153
476,476,2026-06-05,UPI,Paid,157851
477,477,2025-06-21,Cash on Delivery,Refunded,200680
478,478,2025-01-21,Debit Card,Paid,248263
479,479,2025-05-10,Net Banking,Paid,10999
480,480,2025-04-18,UPI,Paid,679351
481,481,2026-03-31,Cash on Delivery,Paid,378559
482,482,2024-12-19,Net Banking,Paid,401411
483,483,2026-01-12,Net Banking,Paid,147033
484,484,2025-03-03,Debit Card,Paid,498790
485,485,2024-09-23,Cash on Delivery,Refunded,206844
486,486,2025-04-11,Debit Card,Paid,407566
487,487,2026-01-25,Debit Card,Paid,61075
488,488,2026-06-15,Credit Card,Paid,666673
489,489,2026-01-09,Cash on Delivery,Refunded,411384
490,490,2025-07-12,Credit Card,Paid,653026
491,491,2025-08-19,Debit Card,Paid,209688
492,492,2026-05-20,Net Banking,Paid,400388
493,493,2026-03-08,UPI,Paid,0
494,494,2024-09-24,Cash on Delivery,Refunded,677110
495,495,2024-09-03,Net Banking,Refunded,318990
496,496,2026-02-02,UPI,Paid,161196
497,497,2025-07-14,Cash on Delivery,Paid,0
498,498,2026-06-08,Debit Card,Paid,0
499,499,2025-06-20,Debit Card,Refunded,540083
500,500,2024-08-31,Credit Card,Paid,0
501,501,2024-12-11,Credit Card,Paid,619814
502,502,2024-11-11,Cash on Delivery,Refunded,504476
503,503,2024-10-03,Net Banking,Refunded,0
504,504,2025-10-11,UPI,Paid,128072
505,505,2026-02-08,Cash on Delivery,Paid,192314
506,506,2025-01-23,UPI,Paid,536683
507,507,2025-10-08,Credit Card,Paid,581322
508,508,2025-07-25,Debit Card,Refunded,522895
509,509,2025-10-02,Debit Card,Paid,722090
510,510,2025-11-28,Cash on Delivery,Paid,0
511,511,2025-06-06,Debit Card,Refunded,317145
512,512,2026-03-10,Credit Card,Refunded,13095
513,513,2025-11-06,Debit Card,Paid,560295
514,514,2026-03-03,Cash on Delivery,Paid,319817
515,515,2024-09-09,UPI,Paid,457202
516,516,2026-06-17,Debit Card,Paid,342306
517,517,2024-11-17,UPI,Paid,283310
518,518,2026-01-28,Credit Card,Refunded,245343
519,519,2026-04-27,Credit Card,Paid,0
520,520,2026-06-04,Net Banking,Refunded,442912
521,521,2026-03-23,Debit Card,Paid,701368
522,522,2025-05-10,UPI,Paid,132344
523,523,2025-04-11,Credit Card,Paid,183225
524,524,2025-02-23,Cash on Delivery,Paid,209499
525,525,2025-04-21,Net Banking,Paid,0
526,526,2025-02-15,Cash on Delivery,Paid,289201
527,527,2025-03-06,Net Banking,Paid,800026
528,528,2025-03-25,Net Banking,Paid,495208
529,529,2026-03-10,Net Banking,Refunded,310938
530,530,2025-01-09,Debit Card,Paid,139990
531,531,2026-01-08,UPI,Paid,23578
532,532,2025-11-30,Net Banking,Paid,530146
533,533,2025-10-06,Debit Card,Refunded,345133
534,534,2025-10-06,Net Banking,Refunded,147087
535,535,2025-09-01,Net Banking,Paid,75050
536,536,2025-06-18,Credit Card,Paid,792790
537,537,2025-11-06,UPI,Refunded,569791
538,538,2025-09-04,UPI,Paid,495281
539,539,2026-05-25,Debit Card,Paid,212252
540,540,2026-06-11,Debit Card,Paid,410956
541,541,2025-04-26,Net Banking,Paid,215215
542,542,2025-07-31,Cash on Delivery,Paid,612532
543,543,2025-09-06,Debit Card,Paid,849043
544,544,2025-09-01,Net Banking,Paid,1294838
545,545,2026-01-22,Debit Card,Paid,589814
546,546,2025-12-08,UPI,Paid,668141
547,547,2025-06-18,UPI,Paid,434414
548,548,2026-02-17,Debit Card,Paid,0
549,549,2025-12-07,UPI,Refunded,218341
550,550,2025-08-19,UPI,Paid,205256
551,551,2025-05-12,Cash on Delivery,Paid,0
552,552,2024-08-22,Cash on Delivery,Paid,265683
553,553,2025-04-11,Net Banking,Refunded,28665
554,554,2025-04-12,UPI,Paid,467785
555,555,2025-11-12,UPI,Refunded,360022
556,556,2026-02-17,Debit Card,Paid,173214
557,557,2025-11-17,Debit Card,Paid,799753
558,558,2026-04-16,Debit Card,Paid,221463
559,559,2024-12-21,Net Banking,Paid,357836
560,560,2024-10-06,Net Banking,Paid,334722
561,561,2025-05-16,Cash on Delivery,Paid,36481
562,562,2025-01-27,Credit Card,Paid,38692
563,563,2025-05-13,Debit Card,Paid,730846
564,564,2025-02-20,Net Banking,Paid,121850
565,565,2024-10-28,Credit Card,Paid,44170
566,566,2026-06-12,UPI,Refunded,253506
567,567,2024-11-17,Credit Card,Paid,451009
568,568,2024-11-07,UPI,Refunded,772708
569,569,2026-03-23,Cash on Delivery,Paid,0
570,570,2024-08-12,Credit Card,Paid,728624
571,571,2025-09-26,Cash on Delivery,Paid,300666
572,572,2026-06-07,Credit Card,Refunded,261908
573,573,2026-05-20,UPI,Paid,237812
574,574,2026-01-07,Credit Card,Paid,586638
575,575,2026-06-24,UPI,Paid,107076
576,576,2025-06-17,Cash on Delivery,Paid,610230
577,577,2026-03-23,Net Banking,Refunded,749296
578,578,2025-12-16,Net Banking,Paid,1254386
579,579,2024-12-26,Debit Card,Paid,564279
580,580,2025-03-01,UPI,Paid,780062
581,581,2025-10-10,Credit Card,Paid,237396
582,582,2024-07-04,UPI,Paid,158132
583,583,2024-08-27,Cash on Delivery,Refunded,482480
584,584,2025-04-12,Credit Card,Refunded,319511
585,585,2026-07-01,UPI,Refunded,790790
586,586,2024-08-15,Debit Card,Refunded,312488
587,587,2024-08-07,Debit Card,Paid,155672
588,588,2025-11-07,UPI,Refunded,184011
589,589,2026-05-01,Net Banking,Paid,47188
590,590,2026-03-29,Net Banking,Paid,631419
591,591,2026-04-09,UPI,Paid,546885
592,592,2024-10-26,Cash on Delivery,Paid,78557
593,593,2025-06-02,Debit Card,Paid,46020
594,594,2024-07-15,Debit Card,Paid,73278
595,595,2024-10-28,UPI,Paid,1014721
596,596,2024-10-31,Debit Card,Paid,244948
597,597,2024-09-23,Debit Card,Paid,689417
598,598,2025-03-15,Debit Card,Paid,339920
599,599,2025-07-09,Debit Card,Refunded,187275
600,600,2024-10-08,Credit Card,Paid,72429
601,601,2025-05-12,UPI,Paid,526681
602,602,2026-04-18,Cash on Delivery,Paid,0
603,603,2025-05-10,Debit Card,Paid,64136
604,604,2025-04-24,UPI,Paid,354467
605,605,2025-01-16,Debit Card,Paid,111952
606,606,2024-11-23,Credit Card,Paid,87512
607,607,2026-02-08,Credit Card,Paid,439103
608,608,2026-03-09,Credit Card,Paid,0
609,609,2025-12-29,UPI,Paid,427035
610,610,2024-09-26,Debit Card,Refunded,849882
611,611,2026-04-29,UPI,Paid,0
612,612,2024-09-10,Net Banking,Paid,1016261
613,613,2025-10-18,Net Banking,Paid,468971
614,614,2025-09-11,Credit Card,Paid,554629
615,615,2024-09-13,Net Banking,Paid,458716
616,616,2026-02-07,Net Banking,Paid,134621
617,617,2025-12-17,Credit Card,Paid,72222
618,618,2025-10-22,Debit Card,Refunded,894941
619,619,2025-10-12,Net Banking,Paid,384180
620,620,2024-12-14,Net Banking,Refunded,533007
621,621,2025-10-28,Net Banking,Paid,0
622,622,2024-11-03,Credit Card,Refunded,266089
623,623,2025-12-03,UPI,Paid,205427
624,624,2024-07-26,Credit Card,Paid,403286
625,625,2026-04-06,Net Banking,Paid,62209
626,626,2025-12-20,Cash on Delivery,Refunded,442946
627,627,2025-08-31,Net Banking,Paid,517759
628,628,2024-11-03,UPI,Paid,186622
629,629,2026-01-25,Credit Card,Paid,62058
630,630,2025-10-04,Debit Card,Paid,130452
631,631,2026-02-16,Credit Card,Paid,210825
632,632,2024-12-17,Net Banking,Paid,750786
633,633,2024-12-11,Credit Card,Paid,408094
634,634,2025-11-03,Debit Card,Paid,95036
635,635,2024-11-10,Net Banking,Paid,2636
636,636,2025-06-13,Cash on Delivery,Paid,594839
637,637,2025-06-23,Debit Card,Paid,296858
638,638,2026-04-14,Net Banking,Refunded,461351
639,639,2025-07-10,Cash on Delivery,Paid,253998
640,640,2025-06-18,Debit Card,Refunded,440273
641,641,2025-08-14,UPI,Paid,375408
642,642,2026-05-07,Credit Card,Paid,50464
643,643,2025-07-23,Net Banking,Paid,645947
644,644,2026-05-12,Cash on Delivery,Refunded,434633
645,645,2025-03-03,Net Banking,Refunded,518572
646,646,2025-03-31,Cash on Delivery,Paid,655330
647,647,2025-09-08,Debit Card,Paid,202074
648,648,2026-01-19,Credit Card,Paid,258369
649,649,2025-05-18,Net Banking,Refunded,279564
650,650,2025-04-29,Credit Card,Paid,1243714
651,651,2025-10-06,UPI,Refunded,5682
652,652,2025-08-04,UPI,Paid,546211
653,653,2026-02-14,Credit Card,Paid,404274
654,654,2024-12-30,Cash on Delivery,Paid,120994
655,655,2025-05-09,Cash on Delivery,Paid,336566
656,656,2025-12-10,Cash on Delivery,Paid,738823
657,657,2024-10-07,UPI,Refunded,290329
658,658,2024-08-11,UPI,Paid,883725
659,659,2025-10-03,Net Banking,Refunded,457181
660,660,2025-09-07,Credit Card,Paid,160133
661,661,2025-01-22,Debit Card,Refunded,642889
662,662,2024-08-15,Credit Card,Paid,143685
663,663,2024-07-17,Debit Card,Paid,259302
664,664,2025-11-09,Debit Card,Paid,506889
665,665,2025-07-06,Cash on Delivery,Refunded,173343
666,666,2025-12-10,Cash on Delivery,Refunded,439345
667,667,2026-04-15,Debit Card,Refunded,127669
668,668,2024-11-19,Cash on Delivery,Paid,142742
669,669,2024-07-16,Cash on Delivery,Paid,224190
670,670,2025-08-17,Cash on Delivery,Refunded,174361
671,671,2026-02-03,Debit Card,Refunded,102272
672,672,2024-12-28,Credit Card,Paid,547110
673,673,2025-09-22,UPI,Refunded,222024
674,674,2025-12-15,Cash on Delivery,Paid,578997
675,675,2026-02-24,Cash on Delivery,Paid,356044
676,676,2025-07-28,Net Banking,Paid,648357
677,677,2025-01-09,Credit Card,Paid,273304
678,678,2026-02-11,UPI,Paid,250975
679,679,2025-08-26,Credit Card,Refunded,397736
680,680,2025-03-28,Cash on Delivery,Refunded,781745
681,681,2024-12-13,Cash on Delivery,Paid,611191
682,682,2025-12-22,Debit Card,Paid,256723
683,683,2025-10-23,Credit Card,Paid,717002
684,684,2026-05-14,UPI,Paid,202447
685,685,2025-09-20,Cash on Delivery,Paid,155148
686,686,2025-12-15,UPI,Paid,262892
687,687,2026-03-19,Credit Card,Paid,851413
688,688,2024-10-25,Cash on Delivery,Paid,18392
689,689,2024-09-24,Cash on Delivery,Refunded,421322
690,690,2024-11-14,Net Banking,Paid,465456
691,691,2025-01-25,Debit Card,Refunded,132052
692,692,2025-07-05,Debit Card,Paid,600360
693,693,2025-09-05,UPI,Refunded,92842
694,694,2025-01-08,Cash on Delivery,Paid,488325
695,695,2026-03-07,Credit Card,Refunded,361954
696,696,2025-11-09,Net Banking,Paid,160937
697,697,2025-01-06,Cash on Delivery,Paid,57781
698,698,2024-11-04,UPI,Paid,178220
699,699,2025-06-21,Cash on Delivery,Paid,82398
700,700,2024-12-16,Credit Card,Paid,287718
701,701,2024-12-21,Credit Card,Paid,69880
702,702,2025-01-08,Credit Card,Paid,358404
703,703,2025-08-06,Debit Card,Paid,92408
704,704,2024-08-17,Credit Card,Paid,138873
705,705,2024-08-26,Cash on Delivery,Paid,622643
706,706,2025-03-11,Credit Card,Paid,503599
707,707,2025-03-30,Debit Card,Paid,498455
708,708,2026-06-05,Net Banking,Paid,145050
709,709,2024-11-24,Cash on Delivery,Paid,119040
710,710,2025-04-16,Debit Card,Paid,598392
711,711,2025-08-11,UPI,Paid,621390
712,712,2026-06-01,Net Banking,Paid,501298
713,713,2025-09-10,Cash on Delivery,Paid,0
714,714,2025-07-18,Debit Card,Paid,429256
715,715,2025-01-29,Credit Card,Paid,731256
716,716,2026-01-22,Debit Card,Paid,287578
717,717,2025-11-26,Net Banking,Paid,609591
718,718,2024-08-25,UPI,Refunded,77609
719,719,2026-01-31,Debit Card,Paid,353770
720,720,2025-04-14,Cash on Delivery,Paid,77606
721,721,2025-05-24,Credit Card,Paid,732119
722,722,2026-03-14,UPI,Paid,485907
723,723,2025-10-10,Credit Card,Paid,466270
724,724,2024-08-21,Cash on Delivery,Paid,230365
725,725,2024-12-18,Debit Card,Refunded,1129190
726,726,2025-07-13,Credit Card,Paid,852763
727,727,2025-06-09,Credit Card,Paid,551069
728,728,2026-01-17,Credit Card,Paid,228731
729,729,2026-04-29,UPI,Paid,286433
730,730,2025-06-02,UPI,Paid,509127
731,731,2026-06-26,Credit Card,Paid,285245
732,732,2025-01-28,UPI,Refunded,800047
733,733,2026-02-10,Debit Card,Paid,683446
734,734,2025-05-08,Debit Card,Paid,469333
735,735,2024-11-19,Debit Card,Paid,292764
736,736,2025-07-07,UPI,Refunded,45033
737,737,2025-05-04,Cash on Delivery,Paid,412765
738,738,2024-10-17,Net Banking,Paid,844719
739,739,2025-03-14,Debit Card,Paid,432061
740,740,2024-08-16,Debit Card,Refunded,70952
741,741,2026-01-31,Cash on Delivery,Paid,646292
742,742,2024-10-03,UPI,Paid,1044231
743,743,2026-03-28,Cash on Delivery,Paid,13168
744,744,2024-10-20,Cash on Delivery,Paid,388337
745,745,2025-06-29,Credit Card,Paid,311271
746,746,2025-08-26,Debit Card,Refunded,302357
747,747,2026-02-16,UPI,Paid,676991
748,748,2024-12-31,Net Banking,Paid,474866
749,749,2025-02-19,Credit Card,Refunded,91784
750,750,2025-11-15,Net Banking,Refunded,433960
751,751,2026-02-25,UPI,Refunded,654553
752,752,2024-11-09,Debit Card,Paid,569465
753,753,2026-05-04,UPI,Paid,172139
754,754,2026-03-11,UPI,Paid,0
755,755,2026-03-29,Credit Card,Paid,607955
756,756,2024-09-10,Cash on Delivery,Paid,492491
757,757,2026-04-26,UPI,Refunded,329800
758,758,2026-02-26,Cash on Delivery,Paid,735433
759,759,2026-07-01,Debit Card,Paid,589450
760,760,2026-05-13,Net Banking,Paid,303112
761,761,2024-09-06,UPI,Paid,182405
762,762,2025-07-07,Credit Card,Paid,769144
763,763,2025-09-18,UPI,Refunded,621712
764,764,2025-10-07,UPI,Paid,1401359
765,765,2025-12-03,Cash on Delivery,Refunded,241886
766,766,2025-10-09,UPI,Paid,555984
767,767,2026-06-10,Net Banking,Refunded,309557
768,768,2025-07-15,Debit Card,Paid,432704
769,769,2025-07-19,Cash on Delivery,Paid,208238
770,770,2026-05-10,Net Banking,Refunded,82957
771,771,2025-12-24,Net Banking,Paid,673360
772,772,2026-02-26,Debit Card,Paid,444815
773,773,2024-10-27,Net Banking,Paid,818240
774,774,2025-11-29,Cash on Delivery,Paid,557561
775,775,2026-01-31,Credit Card,Paid,682428
776,776,2025-08-21,UPI,Paid,349809
777,777,2025-01-21,Net Banking,Paid,11364
778,778,2025-08-01,Debit Card,Paid,390716
779,779,2025-03-29,Credit Card,Refunded,205061
780,780,2025-05-28,Credit Card,Refunded,263212
781,781,2026-05-19,Net Banking,Refunded,0
782,782,2026-05-10,Credit Card,Refunded,101424
783,783,2025-11-20,UPI,Refunded,158270
784,784,2026-02-11,Cash on Delivery,Paid,421596
785,785,2025-04-18,Debit Card,Paid,182434
786,786,2026-02-01,Credit Card,Paid,471966
787,787,2024-07-12,Credit Card,Paid,196612
788,788,2025-03-05,Net Banking,Refunded,395883
789,789,2024-09-25,UPI,Paid,770985
790,790,2026-06-08,Cash on Delivery,Paid,225415
791,791,2024-12-14,Net Banking,Paid,153624
792,792,2025-07-24,Net Banking,Refunded,201066
793,793,2025-12-13,Cash on Delivery,Paid,342936
794,794,2025-02-18,UPI,Refunded,1200173
795,795,2025-08-17,Debit Card,Paid,324374
796,796,2025-05-21,Cash on Delivery,Paid,778321
797,797,2026-04-14,UPI,Refunded,232846
798,798,2025-06-17,Debit Card,Paid,442395
799,799,2025-03-23,Debit Card,Refunded,413626
800,800,2025-10-05,Net Banking,Paid,299864
801,801,2025-01-14,Credit Card,Paid,101764
802,802,2025-05-10,Cash on Delivery,Refunded,705643
803,803,2025-07-14,Cash on Delivery,Paid,423724
804,804,2026-01-16,UPI,Paid,496429
805,805,2026-03-04,Net Banking,Paid,475920
806,806,2024-09-23,Cash on Delivery,Paid,283781
807,807,2025-01-24,Credit Card,Refunded,194366
808,808,2026-02-23,Net Banking,Paid,192030
809,809,2025-02-23,Net Banking,Paid,268954
810,810,2025-09-21,Debit Card,Paid,312256
811,811,2026-02-22,Debit Card,Paid,70975
812,812,2025-11-20,Cash on Delivery,Paid,65102
813,813,2025-01-16,UPI,Paid,53436
814,814,2025-07-13,Debit Card,Paid,0
815,815,2025-02-09,Credit Card,Paid,1141858
816,816,2025-06-02,UPI,Paid,216473
817,817,2026-01-19,Debit Card,Paid,467296
818,818,2024-10-07,Debit Card,Paid,191356
819,819,2026-01-20,Net Banking,Paid,1104575
820,820,2026-04-11,Net Banking,Paid,0
821,821,2025-04-09,Cash on Delivery,Paid,455598
822,822,2024-07-10,Credit Card,Refunded,118454
823,823,2024-11-23,Cash on Delivery,Refunded,1223628
824,824,2024-11-30,Debit Card,Paid,533428
825,825,2026-06-30,Credit Card,Refunded,264728
826,826,2026-05-30,Credit Card,Paid,116883
827,827,2025-06-10,UPI,Paid,391114
828,828,2026-01-26,Credit Card,Paid,118610
829,829,2025-08-10,Debit Card,Paid,516835
830,830,2024-12-01,Debit Card,Refunded,78454
831,831,2025-08-12,UPI,Refunded,650673
832,832,2025-09-14,UPI,Paid,88628
833,833,2025-06-12,Debit Card,Paid,273381
834,834,2025-03-02,Debit Card,Paid,139614
835,835,2024-10-22,Net Banking,Refunded,420720
836,836,2026-05-22,Credit Card,Refunded,479881
837,837,2025-08-16,Net Banking,Paid,328077
838,838,2025-05-17,Net Banking,Paid,715577
839,839,2026-06-14,Net Banking,Paid,258490
840,840,2024-11-22,Credit Card,Refunded,495905
841,841,2024-12-27,Net Banking,Paid,287581
842,842,2026-05-23,Net Banking,Refunded,334235
843,843,2024-12-02,Credit Card,Paid,509088
844,844,2025-08-17,UPI,Paid,776720
845,845,2025-11-24,Debit Card,Paid,208354
846,846,2025-09-08,Debit Card,Refunded,741284
847,847,2024-07-20,Debit Card,Refunded,422782
848,848,2026-01-31,Cash on Delivery,Refunded,155204
849,849,2026-06-16,Debit Card,Paid,640486
850,850,2025-06-27,Cash on Delivery,Paid,246820
851,851,2026-03-17,Net Banking,Paid,72796
852,852,2024-08-19,Debit Card,Refunded,225970
853,853,2026-04-29,Credit Card,Paid,232004
854,854,2025-05-11,Net Banking,Paid,546628
855,855,2024-08-31,Debit Card,Refunded,160340
856,856,2024-09-15,Debit Card,Refunded,272201
857,857,2025-07-22,UPI,Paid,185855
858,858,2025-01-22,Net Banking,Paid,609803
859,859,2024-10-02,Net Banking,Paid,203714
860,860,2026-05-17,Credit Card,Refunded,536996
861,861,2025-02-16,Debit Card,Paid,248328
862,862,2025-10-10,UPI,Refunded,97115
863,863,2024-12-15,UPI,Refunded,270456
864,864,2026-05-07,Net Banking,Paid,725669
865,865,2025-05-09,UPI,Paid,339340
866,866,2024-09-10,Net Banking,Paid,753064
867,867,2026-06-13,Debit Card,Paid,597810
868,868,2025-06-26,Debit Card,Paid,395172
869,869,2025-02-20,Credit Card,Paid,214265
870,870,2026-06-24,Debit Card,Paid,487248
871,871,2025-12-20,Cash on Delivery,Refunded,259866
872,872,2026-04-09,Cash on Delivery,Paid,194642
873,873,2025-08-13,UPI,Paid,676721
874,874,2026-04-26,Net Banking,Refunded,288289
875,875,2025-08-15,Cash on Delivery,Paid,290901
876,876,2026-01-31,Debit Card,Paid,515320
877,877,2025-01-08,Net Banking,Paid,444859
878,878,2025-06-04,Cash on Delivery,Paid,15358
879,879,2024-07-08,Debit Card,Refunded,347054
880,880,2025-12-02,Credit Card,Paid,871167
881,881,2024-08-15,UPI,Paid,168544
882,882,2025-07-27,UPI,Paid,126202
883,883,2025-04-25,Debit Card,Refunded,310440
884,884,2024-11-11,Credit Card,Paid,374901
885,885,2025-10-20,Debit Card,Paid,23648
886,886,2025-03-26,UPI,Paid,1011194
887,887,2025-09-03,Credit Card,Paid,612696
888,888,2025-08-26,Debit Card,Paid,650641
889,889,2026-06-01,Net Banking,Paid,397966
890,890,2024-10-16,Net Banking,Refunded,441845
891,891,2024-10-10,Debit Card,Paid,847191
892,892,2025-01-10,Cash on Delivery,Paid,351569
893,893,2026-03-06,Credit Card,Paid,642267
894,894,2025-07-30,Cash on Delivery,Paid,285970
895,895,2024-10-16,Net Banking,Paid,510812
896,896,2026-04-12,Debit Card,Paid,131618
897,897,2024-11-14,Debit Card,Refunded,313066
898,898,2025-05-31,Net Banking,Refunded,0
899,899,2025-09-26,Credit Card,Paid,820737
900,900,2025-11-04,Debit Card,Paid,370280
901,901,2025-07-10,Cash on Delivery,Refunded,195586
902,902,2025-06-08,Debit Card,Refunded,274972
903,903,2025-07-14,Cash on Delivery,Refunded,0
904,904,2025-11-13,UPI,Paid,49341
905,905,2026-05-01,Cash on Delivery,Paid,43756
906,906,2026-05-27,Net Banking,Paid,387829
907,907,2026-04-05,Debit Card,Paid,224802
908,908,2025-10-29,Credit Card,Refunded,819881
909,909,2025-11-17,Credit Card,Paid,0
910,910,2026-03-26,Credit Card,Paid,108315
911,911,2026-05-29,UPI,Paid,103135
912,912,2026-04-04,Cash on Delivery,Paid,110032
913,913,2025-08-22,Cash on Delivery,Paid,256818
914,914,2025-11-03,Net Banking,Paid,742467
915,915,2025-12-30,Debit Card,Refunded,496522
916,916,2025-03-10,UPI,Paid,449583
917,917,2025-01-18,Net Banking,Paid,317340
918,918,2025-09-17,Net Banking,Paid,287033
919,919,2025-09-29,UPI,Paid,608317
920,920,2024-07-19,Debit Card,Paid,281419
921,921,2024-08-08,Debit Card,Paid,337709
922,922,2024-07-21,Debit Card,Paid,269811
923,923,2026-06-24,Cash on Delivery,Refunded,379081
924,924,2025-12-06,UPI,Refunded,633022
925,925,2025-01-13,Credit Card,Paid,517797
926,926,2026-03-28,Cash on Delivery,Paid,357615
927,927,2024-12-02,Cash on Delivery,Paid,1153107
928,928,2025-06-27,Cash on Delivery,Paid,822938
929,929,2025-04-11,Cash on Delivery,Refunded,274636
930,930,2024-08-15,UPI,Paid,320180
931,931,2025-01-04,UPI,Refunded,859770
932,932,2025-01-19,Credit Card,Paid,622174
933,933,2025-07-12,Credit Card,Paid,191200
934,934,2024-07-14,Cash on Delivery,Paid,1005262
935,935,2024-07-08,Credit Card,Paid,78683
936,936,2026-04-22,Debit Card,Paid,237407
937,937,2025-08-22,Credit Card,Paid,227724
938,938,2024-11-06,Debit Card,Paid,492165
939,939,2025-08-15,Net Banking,Paid,199299
940,940,2026-06-14,UPI,Paid,381162
941,941,2025-07-21,Debit Card,Paid,538694
942,942,2025-06-05,Debit Card,Paid,1088427
943,943,2026-02-25,Credit Card,Paid,290227
944,944,2026-06-15,UPI,Paid,558993
945,945,2025-11-02,Cash on Delivery,Paid,177915
946,946,2024-08-22,UPI,Paid,320405
947,947,2026-05-22,UPI,Refunded,471929
948,948,2025-09-30,Cash on Delivery,Paid,17876
949,949,2025-09-27,Cash on Delivery,Refunded,149218
950,950,2024-08-13,UPI,Paid,195952
951,951,2026-01-21,Debit Card,Paid,190184
952,952,2025-12-29,Net Banking,Paid,0
953,953,2026-06-08,UPI,Paid,34563
954,954,2025-11-07,Cash on Delivery,Refunded,395552
955,955,2024-08-02,Debit Card,Paid,503756
956,956,2025-11-24,UPI,Refunded,662678
957,957,2025-10-29,Net Banking,Paid,1251076
958,958,2025-12-23,Credit Card,Paid,0
959,959,2026-05-17,Cash on Delivery,Paid,657267
960,960,2024-12-25,Credit Card,Paid,223042
961,961,2025-06-15,UPI,Paid,517284
962,962,2025-02-03,UPI,Refunded,552093
963,963,2024-08-07,UPI,Paid,229792
964,964,2024-10-26,UPI,Paid,185084
965,965,2025-05-23,UPI,Paid,0
966,966,2025-08-20,Credit Card,Refunded,364302
967,967,2024-12-08,Cash on Delivery,Paid,135516
968,968,2025-12-14,Credit Card,Paid,396736
969,969,2025-09-24,UPI,Paid,390320
970,970,2025-09-23,Credit Card,Paid,325570
971,971,2024-08-16,Debit Card,Paid,376180
972,972,2024-11-29,Credit Card,Paid,108660
973,973,2025-01-23,Cash on Delivery,Paid,651903
974,974,2024-08-26,Net Banking,Refunded,170899
975,975,2025-05-28,UPI,Paid,47156
976,976,2025-01-20,Credit Card,Paid,146383
977,977,2026-04-18,Net Banking,Paid,537567
978,978,2026-06-29,Net Banking,Paid,173430
979,979,2026-02-25,Cash on Delivery,Paid,183429
980,980,2024-11-08,Net Banking,Paid,79563
981,981,2025-10-06,Net Banking,Paid,175549
982,982,2025-01-19,UPI,Paid,90621
983,983,2024-12-26,UPI,Paid,534200
984,984,2025-01-24,Net Banking,Paid,230481
985,985,2024-09-24,UPI,Refunded,333896
986,986,2026-01-19,Debit Card,Paid,145238
987,987,2024-10-29,Cash on Delivery,Paid,383776
988,988,2025-06-28,UPI,Paid,103897
989,989,2024-08-14,Credit Card,Paid,799458
990,990,2024-10-16,UPI,Paid,85954
991,991,2026-01-29,Cash on Delivery,Refunded,630267
992,992,2024-11-14,Debit Card,Refunded,100604
993,993,2026-02-27,UPI,Paid,110801
994,994,2026-05-06,Cash on Delivery,Paid,215247
995,995,2024-08-21,Net Banking,Paid,536507
996,996,2026-02-09,Debit Card,Paid,588551
997,997,2025-10-16,UPI,Paid,179670
998,998,2025-08-02,Cash on Delivery,Paid,301409
999,999,2025-02-22,UPI,Paid,744384
1000,1000,2026-02-06,Net Banking,Refunded,0
1001,1001,2025-08-27,Net Banking,Paid,145422
1002,1002,2025-02-04,Net Banking,Paid,762564
1003,1003,2025-07-10,UPI,Paid,213210
1004,1004,2025-08-01,Cash on Delivery,Paid,175364
1005,1005,2025-01-15,Credit Card,Refunded,555985
1006,1006,2025-02-27,UPI,Paid,76896
1007,1007,2025-01-21,Net Banking,Paid,594201
1008,1008,2024-09-10,Debit Card,Paid,141252
1009,1009,2025-07-18,Debit Card,Paid,715414
1010,1010,2025-06-20,Net Banking,Paid,283241
1011,1011,2025-09-10,Cash on Delivery,Refunded,220519
1012,1012,2024-09-01,Net Banking,Paid,671689
1013,1013,2025-01-18,Debit Card,Refunded,690672
1014,1014,2026-01-24,Cash on Delivery,Refunded,696994
1015,1015,2025-12-13,Cash on Delivery,Paid,136402
1016,1016,2024-12-30,Credit Card,Paid,151532
1017,1017,2024-11-17,UPI,Paid,1053226
1018,1018,2025-06-21,Credit Card,Paid,876506
1019,1019,2024-12-16,Cash on Delivery,Paid,314020
1020,1020,2025-01-04,Net Banking,Paid,611998
1021,1021,2026-04-04,UPI,Paid,212394
1022,1022,2024-09-21,Debit Card,Paid,214396
1023,1023,2026-02-13,Credit Card,Paid,532348
1024,1024,2025-04-16,UPI,Refunded,456032
1025,1025,2024-08-26,Net Banking,Paid,0
1026,1026,2025-11-25,Net Banking,Paid,126087
1027,1027,2026-05-28,UPI,Refunded,701971
1028,1028,2024-07-12,Credit Card,Paid,467258
1029,1029,2025-09-21,Credit Card,Paid,301407
1030,1030,2025-11-22,Credit Card,Paid,172197
1031,1031,2024-11-05,Debit Card,Paid,605507
1032,1032,2025-05-02,Net Banking,Refunded,150141
1033,1033,2026-01-21,Credit Card,Paid,5208
1034,1034,2025-11-19,UPI,Refunded,401241
1035,1035,2025-07-10,Net Banking,Paid,330425
1036,1036,2026-06-09,Debit Card,Paid,0
1037,1037,2025-07-03,Cash on Delivery,Paid,547848
1038,1038,2024-11-28,Net Banking,Paid,0
1039,1039,2025-06-04,Credit Card,Refunded,313622
1040,1040,2025-07-12,Debit Card,Paid,275832
1041,1041,2026-01-20,UPI,Paid,237642
1042,1042,2024-09-29,Net Banking,Paid,427219
1043,1043,2025-02-20,UPI,Paid,325367
1044,1044,2025-12-03,Net Banking,Paid,408622
1045,1045,2026-01-02,Net Banking,Paid,162220
1046,1046,2025-10-09,Debit Card,Paid,414290
1047,1047,2024-08-03,Net Banking,Paid,421275
1048,1048,2024-07-10,Cash on Delivery,Paid,387960
1049,1049,2025-03-09,Credit Card,Paid,267264
1050,1050,2025-09-14,Net Banking,Paid,193144
1051,1051,2025-12-10,UPI,Paid,222697
1052,1052,2025-12-29,UPI,Paid,125336
1053,1053,2025-12-28,Cash on Delivery,Paid,290368
1054,1054,2025-05-14,Cash on Delivery,Paid,220188
1055,1055,2025-05-12,Net Banking,Paid,297374
1056,1056,2024-11-19,UPI,Paid,1206864
1057,1057,2024-07-27,UPI,Paid,671302
1058,1058,2025-08-09,UPI,Paid,342215
1059,1059,2025-09-03,Debit Card,Refunded,200438
1060,1060,2026-02-07,Net Banking,Refunded,168031
1061,1061,2025-09-15,Credit Card,Refunded,513119
1062,1062,2025-11-06,Net Banking,Paid,550540
1063,1063,2024-11-01,Cash on Delivery,Paid,321923
1064,1064,2024-09-21,Cash on Delivery,Paid,258085
1065,1065,2025-06-18,Cash on Delivery,Paid,448553
1066,1066,2024-07-27,UPI,Paid,285861
1067,1067,2026-05-10,Net Banking,Refunded,494987
1068,1068,2025-01-22,Cash on Delivery,Paid,0
1069,1069,2025-02-21,Cash on Delivery,Paid,1180059
1070,1070,2025-10-02,UPI,Paid,530817
1071,1071,2026-01-05,Credit Card,Paid,15289
1072,1072,2024-08-03,Cash on Delivery,Paid,449289
1073,1073,2025-12-12,Credit Card,Paid,430113
1074,1074,2024-11-29,Debit Card,Paid,55009
1075,1075,2025-11-29,UPI,Paid,1140382
1076,1076,2025-05-13,Net Banking,Paid,653262
1077,1077,2024-10-14,Cash on Delivery,Refunded,501093
1078,1078,2024-10-28,Debit Card,Paid,612652
1079,1079,2025-01-31,Cash on Delivery,Refunded,323002
1080,1080,2025-12-09,UPI,Refunded,201062
1081,1081,2024-11-19,UPI,Paid,0
1082,1082,2024-07-14,Debit Card,Paid,64990
1083,1083,2026-04-20,Credit Card,Paid,0
1084,1084,2024-11-05,Debit Card,Paid,222863
1085,1085,2025-02-13,Net Banking,Refunded,348299
1086,1086,2025-07-13,Credit Card,Refunded,5265
1087,1087,2026-02-18,Credit Card,Refunded,653079
1088,1088,2024-09-30,Net Banking,Paid,336938
1089,1089,2024-08-31,Credit Card,Paid,892104
1090,1090,2026-02-11,Debit Card,Refunded,235603
1091,1091,2025-12-22,UPI,Paid,173105
1092,1092,2025-09-16,UPI,Paid,187500
1093,1093,2026-03-15,UPI,Paid,93561
1094,1094,2024-08-11,UPI,Paid,149088
1095,1095,2025-03-19,Debit Card,Paid,753276
1096,1096,2026-02-08,Credit Card,Refunded,252501
1097,1097,2025-10-17,Net Banking,Paid,349684
1098,1098,2025-11-05,Credit Card,Paid,1153203
1099,1099,2026-07-01,UPI,Paid,24120
1100,1100,2025-04-26,Credit Card,Paid,317228
1101,1101,2026-06-08,Credit Card,Paid,0
1102,1102,2026-05-22,Net Banking,Paid,407424
1103,1103,2026-01-14,UPI,Paid,381629
1104,1104,2025-01-11,Credit Card,Paid,321874
1105,1105,2024-08-16,Debit Card,Paid,444711
1106,1106,2025-06-30,UPI,Paid,8336
1107,1107,2026-03-04,Credit Card,Refunded,345693
1108,1108,2026-03-23,Cash on Delivery,Refunded,0
1109,1109,2025-08-29,UPI,Refunded,295500
1110,1110,2025-11-11,Net Banking,Paid,1191748
1111,1111,2026-05-25,UPI,Refunded,632778
1112,1112,2025-03-16,Net Banking,Paid,320126
1113,1113,2025-03-25,Debit Card,Paid,491671
1114,1114,2025-03-16,Cash on Delivery,Paid,555434
1115,1115,2025-03-21,Debit Card,Paid,66327
1116,1116,2024-10-10,Debit Card,Paid,347732
1117,1117,2024-08-04,Cash on Delivery,Paid,797151
1118,1118,2025-05-21,Net Banking,Refunded,336420
1119,1119,2025-06-15,UPI,Paid,938385
1120,1120,2024-07-25,Debit Card,Paid,152344
1121,1121,2026-06-10,Debit Card,Paid,180726
1122,1122,2024-07-23,Credit Card,Paid,0
1123,1123,2025-11-28,Cash on Delivery,Paid,421331
1124,1124,2025-02-04,Credit Card,Paid,229955
1125,1125,2024-10-08,Credit Card,Paid,1589519
1126,1126,2025-12-06,Net Banking,Paid,312723
1127,1127,2026-03-23,UPI,Paid,221903
1128,1128,2024-12-13,Net Banking,Paid,220497
1129,1129,2026-04-25,UPI,Refunded,1447180
1130,1130,2025-10-18,Credit Card,Paid,398575
1131,1131,2025-07-14,Credit Card,Paid,0
1132,1132,2026-03-23,UPI,Paid,502000
1133,1133,2025-11-08,Credit Card,Paid,668724
1134,1134,2024-07-19,Net Banking,Refunded,192924
1135,1135,2025-03-21,UPI,Paid,318884
1136,1136,2025-04-11,Cash on Delivery,Paid,252408
1137,1137,2025-08-02,UPI,Paid,559263
1138,1138,2025-01-10,Debit Card,Paid,246994
1139,1139,2025-03-23,Cash on Delivery,Paid,373445
1140,1140,2026-02-01,Credit Card,Paid,0
1141,1141,2025-01-10,Credit Card,Refunded,803912
1142,1142,2025-03-26,UPI,Paid,693249
1143,1143,2025-04-29,Cash on Delivery,Paid,514172
1144,1144,2026-06-12,Cash on Delivery,Paid,839379
1145,1145,2024-09-19,UPI,Refunded,202077
1146,1146,2024-09-05,UPI,Refunded,72742
1147,1147,2024-07-29,UPI,Paid,958582
1148,1148,2024-11-16,UPI,Paid,72831
1149,1149,2026-05-22,Net Banking,Paid,490072
1150,1150,2025-09-01,Cash on Delivery,Paid,583330
1151,1151,2024-12-24,Cash on Delivery,Refunded,1148733
1152,1152,2024-09-12,Cash on Delivery,Refunded,165800
1153,1153,2025-06-24,Net Banking,Paid,12448
1154,1154,2025-01-28,Cash on Delivery,Paid,639536
1155,1155,2026-04-23,Cash on Delivery,Refunded,311362
1156,1156,2025-08-16,Net Banking,Refunded,158186
1157,1157,2024-11-08,Net Banking,Paid,74263
1158,1158,2025-02-14,UPI,Paid,0
1159,1159,2024-09-30,UPI,Paid,906817
1160,1160,2026-06-10,Credit Card,Paid,506799
1161,1161,2024-10-25,Net Banking,Refunded,701734
1162,1162,2024-07-26,Cash on Delivery,Paid,386897
1163,1163,2024-12-18,Net Banking,Paid,940245
1164,1164,2026-04-27,UPI,Refunded,822046
1165,1165,2024-12-24,Cash on Delivery,Paid,189192
1166,1166,2026-02-01,UPI,Paid,785773
1167,1167,2026-05-24,Net Banking,Paid,125982
1168,1168,2025-04-18,UPI,Paid,1295602
1169,1169,2025-06-08,Credit Card,Paid,952118
1170,1170,2025-04-09,Debit Card,Paid,316363
1171,1171,2025-03-12,Cash on Delivery,Paid,488052
1172,1172,2024-11-21,Net Banking,Paid,616855
1173,1173,2026-04-02,Net Banking,Paid,163591
1174,1174,2024-10-10,Cash on Delivery,Paid,185160
1175,1175,2026-05-10,Cash on Delivery,Paid,154260
1176,1176,2026-01-28,UPI,Refunded,684527
1177,1177,2025-08-24,Cash on Delivery,Refunded,292781
1178,1178,2026-04-21,Debit Card,Paid,176882
1179,1179,2024-07-12,Credit Card,Paid,137200
1180,1180,2026-01-29,UPI,Refunded,815683
1181,1181,2025-12-04,Cash on Delivery,Refunded,156910
1182,1182,2026-01-01,UPI,Paid,186274
1183,1183,2024-09-09,Debit Card,Refunded,337890
1184,1184,2024-10-17,Cash on Delivery,Paid,353066
1185,1185,2024-12-20,Cash on Delivery,Paid,716878
1186,1186,2025-04-07,Credit Card,Paid,200063
1187,1187,2025-03-10,Net Banking,Paid,189504
1188,1188,2025-06-05,UPI,Paid,118182
1189,1189,2026-04-17,Cash on Delivery,Refunded,253898
1190,1190,2025-10-16,Debit Card,Refunded,244031
1191,1191,2024-12-24,Net Banking,Refunded,263125
1192,1192,2025-01-04,UPI,Paid,787810
1193,1193,2025-01-14,Credit Card,Paid,129654
1194,1194,2024-08-20,Cash on Delivery,Paid,325511
1195,1195,2025-08-16,Credit Card,Paid,82913
1196,1196,2025-08-05,Net Banking,Refunded,586574
1197,1197,2025-10-12,Net Banking,Paid,192700
1198,1198,2026-06-20,Credit Card,Paid,218226
1199,1199,2026-02-25,UPI,Refunded,124252
1200,1200,2025-04-24,Credit Card,Paid,339782
1201,1201,2024-08-18,Debit Card,Paid,736208
1202,1202,2024-08-26,Net Banking,Refunded,641354
1203,1203,2024-09-22,Net Banking,Paid,531596
1204,1204,2024-09-08,UPI,Refunded,0
1205,1205,2025-12-12,Net Banking,Paid,280048
1206,1206,2025-09-23,Cash on Delivery,Paid,561431
1207,1207,2025-06-21,Credit Card,Refunded,57256
1208,1208,2025-11-22,Credit Card,Paid,429179
1209,1209,2026-05-01,UPI,Refunded,0
1210,1210,2024-09-09,UPI,Paid,53002
1211,1211,2026-01-05,Cash on Delivery,Refunded,439628
1212,1212,2025-02-24,Net Banking,Paid,1101956
1213,1213,2025-11-21,Cash on Delivery,Refunded,630304
1214,1214,2026-03-25,Credit Card,Paid,292518
1215,1215,2025-06-18,UPI,Paid,719350
1216,1216,2025-07-12,Debit Card,Paid,364006
1217,1217,2025-10-19,Credit Card,Paid,1313861
1218,1218,2025-06-06,Debit Card,Paid,985381
1219,1219,2025-07-25,Debit Card,Paid,162283
1220,1220,2025-08-30,Credit Card,Refunded,294374
1221,1221,2025-08-01,UPI,Paid,190201
1222,1222,2025-12-12,Cash on Delivery,Paid,45296
1223,1223,2025-03-16,Cash on Delivery,Paid,179808
1224,1224,2025-07-28,Net Banking,Paid,343968
1225,1225,2026-05-22,Net Banking,Paid,320632
1226,1226,2026-05-21,UPI,Paid,844335
1227,1227,2026-03-16,Net Banking,Refunded,212929
1228,1228,2025-06-25,Credit Card,Paid,515524
1229,1229,2026-03-18,Cash on Delivery,Paid,633213
1230,1230,2025-06-01,Credit Card,Refunded,702244
1231,1231,2025-05-30,Credit Card,Refunded,0
1232,1232,2024-07-19,Credit Card,Paid,976189
1233,1233,2026-03-13,Cash on Delivery,Paid,41206
1234,1234,2024-12-30,UPI,Paid,165163
1235,1235,2025-12-23,Credit Card,Paid,76076
1236,1236,2024-10-23,Credit Card,Paid,415800
1237,1237,2024-10-09,Debit Card,Refunded,215716
1238,1238,2025-07-12,Cash on Delivery,Paid,1156
1239,1239,2024-07-22,UPI,Paid,1075484
1240,1240,2024-11-09,UPI,Paid,623438
1241,1241,2025-12-18,Debit Card,Refunded,158632
1242,1242,2025-04-21,Net Banking,Paid,230936
1243,1243,2024-08-11,Net Banking,Paid,352333
1244,1244,2025-09-04,Credit Card,Paid,800924
1245,1245,2026-04-04,UPI,Paid,690788
1246,1246,2024-12-17,Net Banking,Refunded,66835
1247,1247,2025-06-08,Credit Card,Refunded,611955
1248,1248,2026-06-25,Debit Card,Paid,585508
1249,1249,2025-12-17,Debit Card,Refunded,120076
1250,1250,2025-02-03,Cash on Delivery,Refunded,217825
1251,1251,2025-09-25,UPI,Paid,517701
1252,1252,2025-11-04,Cash on Delivery,Paid,292135
1253,1253,2025-07-06,Cash on Delivery,Refunded,568864
1254,1254,2024-10-25,Debit Card,Paid,712468
1255,1255,2025-05-06,Debit Card,Refunded,373248
1256,1256,2025-08-06,Cash on Delivery,Refunded,405904
1257,1257,2024-11-07,Cash on Delivery,Paid,1322515
1258,1258,2025-01-19,Debit Card,Paid,875939
1259,1259,2026-01-01,Net Banking,Paid,129925
1260,1260,2025-01-20,Debit Card,Paid,542497
1261,1261,2026-01-22,Debit Card,Paid,770069
1262,1262,2024-12-12,Credit Card,Refunded,38420
1263,1263,2025-12-06,Cash on Delivery,Refunded,107542
1264,1264,2024-10-19,Net Banking,Paid,57781
1265,1265,2025-06-01,Debit Card,Refunded,331218
1266,1266,2025-12-02,UPI,Paid,300911
1267,1267,2025-09-22,UPI,Paid,802562
1268,1268,2026-02-20,Cash on Delivery,Paid,168475
1269,1269,2025-01-27,Credit Card,Paid,72742
1270,1270,2025-09-02,Credit Card,Paid,642275
1271,1271,2025-12-26,Cash on Delivery,Refunded,717931
1272,1272,2025-10-01,Debit Card,Refunded,70678
1273,1273,2024-07-29,Cash on Delivery,Paid,548089
1274,1274,2025-10-02,UPI,Paid,366997
1275,1275,2024-07-16,Credit Card,Paid,116883
1276,1276,2026-06-22,Credit Card,Paid,324230
1277,1277,2025-10-11,Debit Card,Refunded,0
1278,1278,2025-08-10,Debit Card,Paid,533174
1279,1279,2026-02-10,Net Banking,Paid,167330
1280,1280,2025-03-15,Debit Card,Paid,45296
1281,1281,2025-04-11,Net Banking,Paid,621461
1282,1282,2025-11-25,Credit Card,Paid,485786
1283,1283,2025-07-09,Debit Card,Paid,414800
1284,1284,2026-01-13,Net Banking,Paid,200471
1285,1285,2026-05-15,Credit Card,Paid,237939
1286,1286,2025-06-20,Cash on Delivery,Paid,306366
1287,1287,2026-02-07,Debit Card,Refunded,0
1288,1288,2026-06-12,Net Banking,Paid,266896
1289,1289,2026-04-04,Cash on Delivery,Paid,389748
1290,1290,2025-07-02,Net Banking,Paid,274329
1291,1291,2025-02-16,Net Banking,Paid,264295
1292,1292,2025-06-13,Cash on Delivery,Refunded,291057
1293,1293,2025-03-29,Credit Card,Paid,154144
1294,1294,2026-04-06,Debit Card,Paid,461400
1295,1295,2024-12-28,Net Banking,Paid,574281
1296,1296,2025-06-01,Cash on Delivery,Paid,394313
1297,1297,2025-07-07,UPI,Paid,511732
1298,1298,2025-03-10,Net Banking,Refunded,230785
1299,1299,2025-11-02,Credit Card,Paid,783691
1300,1300,2026-02-12,Debit Card,Paid,331259
1301,1301,2026-06-02,Debit Card,Paid,0
1302,1302,2024-12-07,UPI,Paid,451820
1303,1303,2026-02-27,Debit Card,Paid,12060
1304,1304,2025-08-11,Net Banking,Paid,564799
1305,1305,2025-09-22,UPI,Paid,108026
1306,1306,2025-03-11,Credit Card,Paid,888088
1307,1307,2025-07-14,Net Banking,Paid,159560
1308,1308,2026-01-22,Credit Card,Refunded,425342
1309,1309,2025-05-21,Cash on Delivery,Refunded,362034
1310,1310,2025-08-09,Net Banking,Refunded,358906
1311,1311,2024-07-11,Credit Card,Paid,670144
1312,1312,2024-09-17,Credit Card,Refunded,427136
1313,1313,2025-02-06,Net Banking,Paid,578653
1314,1314,2026-01-09,Net Banking,Paid,35313
1315,1315,2026-05-20,Credit Card,Paid,252268
1316,1316,2024-12-02,Debit Card,Paid,440708
1317,1317,2026-02-06,Net Banking,Refunded,122427
1318,1318,2026-03-23,Credit Card,Paid,437505
1319,1319,2025-03-02,Credit Card,Paid,634097
1320,1320,2024-10-19,Debit Card,Paid,331914
1321,1321,2025-02-17,Debit Card,Paid,57551
1322,1322,2024-10-26,Credit Card,Paid,327559
1323,1323,2026-03-14,UPI,Paid,426493
1324,1324,2024-12-06,Cash on Delivery,Paid,73417
1325,1325,2025-02-12,UPI,Refunded,155844
1326,1326,2025-09-19,Cash on Delivery,Paid,0
1327,1327,2024-11-15,Credit Card,Paid,131095
1328,1328,2026-01-18,Credit Card,Paid,146592
1329,1329,2026-06-04,Credit Card,Paid,539894
1330,1330,2025-05-14,Debit Card,Refunded,141066
1331,1331,2025-09-09,Debit Card,Paid,683793
1332,1332,2024-09-11,UPI,Refunded,0
1333,1333,2026-02-20,UPI,Refunded,379540
1334,1334,2024-10-17,UPI,Paid,342620
1335,1335,2024-09-10,Cash on Delivery,Refunded,286792
1336,1336,2025-02-20,Debit Card,Paid,587298
1337,1337,2026-02-15,UPI,Paid,524288
1338,1338,2025-03-25,Debit Card,Paid,301966
1339,1339,2024-08-05,Debit Card,Refunded,343837
1340,1340,2024-09-22,Cash on Delivery,Paid,356086
1341,1341,2025-02-12,Debit Card,Paid,131059
1342,1342,2026-04-06,Net Banking,Refunded,410354
1343,1343,2025-07-19,Cash on Delivery,Paid,470696
1344,1344,2025-12-20,Cash on Delivery,Paid,631242
1345,1345,2025-07-01,UPI,Paid,206737
1346,1346,2025-03-24,Cash on Delivery,Paid,484548
1347,1347,2024-07-28,UPI,Paid,484205
1348,1348,2026-04-19,Credit Card,Paid,318402
1349,1349,2024-08-17,Net Banking,Refunded,571921
1350,1350,2025-09-22,Credit Card,Paid,317626
1351,1351,2026-06-26,Debit Card,Paid,601117
1352,1352,2024-07-30,Credit Card,Refunded,471287
1353,1353,2026-06-15,Net Banking,Paid,285823
1354,1354,2025-12-17,Net Banking,Paid,908856
1355,1355,2024-09-12,UPI,Paid,29609
1356,1356,2025-06-23,Credit Card,Paid,143517
1357,1357,2025-11-27,UPI,Paid,1183662
1358,1358,2026-06-14,Debit Card,Refunded,360700
1359,1359,2025-09-27,Credit Card,Paid,0
1360,1360,2025-12-09,UPI,Refunded,702660
1361,1361,2024-08-27,Debit Card,Paid,436360
1362,1362,2025-01-17,Net Banking,Refunded,841520
1363,1363,2026-04-18,UPI,Paid,374686
1364,1364,2025-11-17,Cash on Delivery,Paid,135764
1365,1365,2025-12-17,Net Banking,Paid,138870
1366,1366,2025-04-13,Cash on Delivery,Paid,238456
1367,1367,2026-05-29,Debit Card,Paid,173733
1368,1368,2026-02-17,Net Banking,Paid,117450
1369,1369,2024-09-26,Debit Card,Paid,149714
1370,1370,2026-03-04,Cash on Delivery,Paid,637469
1371,1371,2024-09-30,Debit Card,Refunded,0
1372,1372,2025-09-05,UPI,Refunded,416597
1373,1373,2026-03-04,Net Banking,Paid,498958
1374,1374,2025-03-01,Debit Card,Refunded,63525
1375,1375,2025-10-01,Net Banking,Paid,114764
1376,1376,2025-06-26,Credit Card,Paid,410771
1377,1377,2024-07-14,Credit Card,Paid,92872
1378,1378,2026-06-12,Net Banking,Paid,123410
1379,1379,2024-09-09,Credit Card,Refunded,463576
1380,1380,2026-03-13,Credit Card,Paid,243302
1381,1381,2024-08-02,Credit Card,Paid,118450
1382,1382,2026-02-25,Net Banking,Refunded,444018
1383,1383,2024-10-06,Net Banking,Paid,539462
1384,1384,2025-04-17,Debit Card,Paid,519047
1385,1385,2025-11-15,Credit Card,Refunded,182555
1386,1386,2026-05-01,UPI,Paid,323684
1387,1387,2026-01-04,Debit Card,Paid,571345
1388,1388,2025-06-13,Cash on Delivery,Refunded,827110
1389,1389,2025-11-12,Debit Card,Paid,378229
1390,1390,2026-04-13,Net Banking,Refunded,105658
1391,1391,2025-05-26,Debit Card,Paid,370486
1392,1392,2025-07-08,Net Banking,Paid,163652
1393,1393,2025-01-18,Net Banking,Paid,379366
1394,1394,2024-09-26,Debit Card,Refunded,0
1395,1395,2024-10-29,Net Banking,Paid,180952
1396,1396,2024-07-09,UPI,Refunded,117497
1397,1397,2025-01-08,Credit Card,Paid,238580
1398,1398,2025-08-26,Credit Card,Paid,129144
1399,1399,2025-02-13,Debit Card,Paid,725810
1400,1400,2026-01-09,Cash on Delivery,Paid,177242
1401,1401,2024-07-10,Debit Card,Paid,278142
1402,1402,2024-08-30,Cash on Delivery,Paid,441848
1403,1403,2025-01-11,Cash on Delivery,Paid,75766
1404,1404,2025-01-26,Debit Card,Paid,65966
1405,1405,2026-06-03,Net Banking,Paid,642169
1406,1406,2026-03-04,Net Banking,Refunded,568343
1407,1407,2025-11-05,Net Banking,Paid,312114
1408,1408,2026-05-21,Debit Card,Paid,555957
1409,1409,2025-08-25,Debit Card,Paid,122341
1410,1410,2025-11-05,Credit Card,Paid,797337
1411,1411,2025-02-19,Debit Card,Paid,262695
1412,1412,2025-12-11,Debit Card,Paid,117434
1413,1413,2025-03-27,UPI,Paid,400527
1414,1414,2025-01-20,Debit Card,Refunded,775490
1415,1415,2025-10-16,Cash on Delivery,Paid,338816
1416,1416,2025-02-06,Cash on Delivery,Paid,585067
1417,1417,2024-09-28,Debit Card,Paid,284426
1418,1418,2025-07-21,Credit Card,Paid,522519
1419,1419,2024-09-08,Debit Card,Paid,148336
1420,1420,2025-07-06,UPI,Refunded,379929
1421,1421,2026-06-02,Credit Card,Refunded,436672
1422,1422,2025-03-10,UPI,Refunded,833151
1423,1423,2025-11-05,Debit Card,Paid,518357
1424,1424,2024-07-12,Debit Card,Paid,203320
1425,1425,2025-01-03,Debit Card,Paid,285862
1426,1426,2024-07-30,Cash on Delivery,Refunded,309770
1427,1427,2024-07-10,Cash on Delivery,Paid,216508
1428,1428,2024-11-22,UPI,Paid,894379
1429,1429,2025-09-25,Cash on Delivery,Paid,220188
1430,1430,2024-09-08,Debit Card,Paid,628045
1431,1431,2025-09-19,Cash on Delivery,Paid,461325
1432,1432,2026-06-11,Net Banking,Paid,452475
1433,1433,2025-12-14,UPI,Paid,679507
1434,1434,2026-04-23,UPI,Paid,128310
1435,1435,2025-01-07,Cash on Delivery,Paid,0
1436,1436,2025-08-30,Cash on Delivery,Paid,330581
1437,1437,2025-08-28,Cash on Delivery,Paid,206195
1438,1438,2024-12-14,Net Banking,Paid,96120
1439,1439,2026-03-25,Net Banking,Refunded,341573
1440,1440,2026-04-05,Credit Card,Paid,151872
1441,1441,2024-08-21,Credit Card,Refunded,755061
1442,1442,2025-08-14,Net Banking,Paid,428193
1443,1443,2026-01-17,Net Banking,Paid,683438
1444,1444,2025-04-23,Debit Card,Paid,510527
1445,1445,2025-06-23,UPI,Refunded,514872
1446,1446,2025-07-25,Credit Card,Paid,197848
1447,1447,2025-12-07,Credit Card,Refunded,87528
1448,1448,2025-09-13,Debit Card,Paid,46073
1449,1449,2024-09-21,Credit Card,Paid,446305
1450,1450,2024-08-01,Net Banking,Refunded,56572
1451,1451,2025-01-04,Debit Card,Refunded,61314
1452,1452,2025-09-22,UPI,Paid,250482
1453,1453,2025-04-11,Debit Card,Paid,149207
1454,1454,2025-01-09,Credit Card,Paid,384578
1455,1455,2025-12-27,Cash on Delivery,Paid,234289
1456,1456,2026-01-20,Cash on Delivery,Paid,255085
1457,1457,2026-02-02,Debit Card,Paid,326412
1458,1458,2025-07-20,Cash on Delivery,Paid,874754
1459,1459,2025-06-10,Cash on Delivery,Refunded,329387
1460,1460,2024-09-15,Net Banking,Paid,102648
1461,1461,2025-03-31,Credit Card,Paid,0
1462,1462,2025-03-30,UPI,Paid,418259
1463,1463,2026-04-26,Credit Card,Paid,408390
1464,1464,2025-02-03,UPI,Paid,275988
1465,1465,2025-04-18,Cash on Delivery,Refunded,152951
1466,1466,2025-09-22,Debit Card,Paid,287905
1467,1467,2026-04-19,Net Banking,Paid,76080
1468,1468,2025-08-24,Net Banking,Paid,422685
1469,1469,2026-03-02,Net Banking,Refunded,0
1470,1470,2024-12-15,Net Banking,Paid,165889
1471,1471,2025-02-03,Credit Card,Paid,192092
1472,1472,2024-11-11,Net Banking,Paid,87153
1473,1473,2025-02-16,Cash on Delivery,Paid,70734
1474,1474,2025-10-05,Cash on Delivery,Refunded,288017
1475,1475,2024-11-10,Net Banking,Refunded,223399
1476,1476,2025-03-08,Net Banking,Paid,757331
1477,1477,2024-07-21,Cash on Delivery,Refunded,367657
1478,1478,2026-03-21,Net Banking,Paid,543073
1479,1479,2026-05-04,UPI,Paid,295999
1480,1480,2025-10-25,UPI,Refunded,440045
1481,1481,2025-05-14,Net Banking,Refunded,104384
1482,1482,2024-12-23,Net Banking,Paid,204055
1483,1483,2025-08-15,Credit Card,Paid,766297
1484,1484,2026-04-01,Cash on Delivery,Paid,204525
1485,1485,2024-11-28,Net Banking,Paid,76738
1486,1486,2025-11-03,Credit Card,Refunded,750457
1487,1487,2025-07-10,Net Banking,Paid,228056
1488,1488,2026-01-05,Cash on Delivery,Paid,65766
1489,1489,2026-05-25,Credit Card,Paid,73914
1490,1490,2025-07-07,Credit Card,Refunded,898192
1491,1491,2026-03-01,UPI,Refunded,0
1492,1492,2025-08-06,Cash on Delivery,Paid,22388
1493,1493,2026-03-30,Debit Card,Paid,14502
1494,1494,2025-02-04,Cash on Delivery,Paid,0
1495,1495,2026-04-23,Credit Card,Paid,0
1496,1496,2026-01-18,Net Banking,Paid,488763
1497,1497,2025-08-15,Credit Card,Paid,220521
1498,1498,2024-10-19,Net Banking,Paid,292525
1499,1499,2025-10-28,Credit Card,Paid,782373
1500,1500,2026-02-20,Credit Card,Paid,402037
1501,1501,2024-10-07,Net Banking,Refunded,517529
1502,1502,2025-11-11,Net Banking,Refunded,260406
1503,1503,2024-10-14,UPI,Paid,84474
1504,1504,2025-07-09,Credit Card,Refunded,1314144
1505,1505,2024-12-07,UPI,Paid,392855
1506,1506,2025-02-12,UPI,Paid,153035
1507,1507,2025-05-04,Credit Card,Paid,77858
1508,1508,2025-12-11,UPI,Paid,94287
1509,1509,2025-10-28,Credit Card,Refunded,130954
1510,1510,2026-03-17,Credit Card,Paid,309010
1511,1511,2025-07-05,Cash on Delivery,Paid,73606
1512,1512,2025-01-23,Cash on Delivery,Paid,0
1513,1513,2025-01-10,Cash on Delivery,Paid,289220
1514,1514,2025-03-09,Debit Card,Paid,357435
1515,1515,2024-12-02,Cash on Delivery,Paid,98167
1516,1516,2025-05-17,Cash on Delivery,Paid,653626
1517,1517,2024-12-31,Net Banking,Paid,132654
1518,1518,2024-07-22,UPI,Paid,0
1519,1519,2024-08-08,Cash on Delivery,Paid,298788
1520,1520,2026-06-27,UPI,Refunded,158981
1521,1521,2025-10-30,Cash on Delivery,Paid,856632
1522,1522,2025-12-16,Net Banking,Paid,509205
1523,1523,2025-10-07,Net Banking,Refunded,267474
1524,1524,2026-01-17,UPI,Refunded,0
1525,1525,2025-01-23,Debit Card,Paid,86998
1526,1526,2024-10-25,UPI,Paid,142220
1527,1527,2024-11-28,Credit Card,Refunded,93688
1528,1528,2025-07-26,Debit Card,Refunded,220968
1529,1529,2025-05-30,Cash on Delivery,Paid,287736
1530,1530,2025-06-30,Cash on Delivery,Paid,445634
1531,1531,2024-07-30,Debit Card,Paid,617878
1532,1532,2024-09-11,Credit Card,Paid,190878
1533,1533,2024-11-05,Credit Card,Paid,839262
1534,1534,2024-10-06,Cash on Delivery,Paid,281534
1535,1535,2026-01-16,Net Banking,Paid,499877
1536,1536,2025-01-28,UPI,Paid,272196
1537,1537,2025-12-01,Credit Card,Paid,389521
1538,1538,2026-05-26,UPI,Paid,182125
1539,1539,2026-02-27,UPI,Paid,65465
1540,1540,2025-02-07,Credit Card,Paid,600776
1541,1541,2025-07-10,Net Banking,Paid,24748
1542,1542,2025-05-09,Credit Card,Paid,578481
1543,1543,2025-12-24,Credit Card,Paid,880094
1544,1544,2025-04-05,Credit Card,Paid,0
1545,1545,2025-12-10,UPI,Refunded,384236
1546,1546,2024-07-17,UPI,Refunded,47710
1547,1547,2025-06-30,Net Banking,Refunded,224318
1548,1548,2024-08-05,Cash on Delivery,Paid,412114
1549,1549,2026-04-07,Net Banking,Paid,131268
1550,1550,2025-02-23,Credit Card,Refunded,202430
1551,1551,2025-05-09,Net Banking,Paid,822037
1552,1552,2025-07-12,Debit Card,Paid,485549
1553,1553,2025-08-11,Cash on Delivery,Refunded,19224
1554,1554,2026-03-19,Credit Card,Paid,411578
1555,1555,2026-05-26,Credit Card,Refunded,174075
1556,1556,2025-03-22,Net Banking,Paid,811739
1557,1557,2025-06-14,Credit Card,Paid,346102
1558,1558,2026-05-23,Debit Card,Paid,509709
1559,1559,2025-07-06,Credit Card,Paid,171278
1560,1560,2025-08-13,Debit Card,Paid,483336
1561,1561,2025-09-16,Debit Card,Paid,80759
1562,1562,2026-04-09,Debit Card,Paid,505962
1563,1563,2025-09-11,Net Banking,Paid,427235
1564,1564,2025-07-10,Debit Card,Paid,237219
1565,1565,2026-03-14,Net Banking,Paid,274963
1566,1566,2024-08-20,Debit Card,Refunded,65290
1567,1567,2026-03-14,Credit Card,Paid,215040
1568,1568,2025-01-16,Credit Card,Paid,158146
1569,1569,2026-02-18,Net Banking,Refunded,192459
1570,1570,2024-11-06,UPI,Paid,43799
1571,1571,2025-04-29,Debit Card,Refunded,248490
1572,1572,2025-06-14,Cash on Delivery,Paid,524322
1573,1573,2025-04-09,Debit Card,Paid,583039
1574,1574,2025-09-29,UPI,Paid,314228
1575,1575,2024-09-13,Credit Card,Refunded,485230
1576,1576,2026-01-18,Net Banking,Paid,337318
1577,1577,2026-03-26,UPI,Paid,266168
1578,1578,2025-05-12,Cash on Delivery,Paid,364712
1579,1579,2026-02-18,UPI,Paid,72670
1580,1580,2026-02-14,Debit Card,Paid,88280
1581,1581,2026-05-24,Credit Card,Refunded,202174
1582,1582,2026-02-12,UPI,Paid,209806
1583,1583,2025-09-08,Net Banking,Refunded,384544
1584,1584,2025-01-08,Net Banking,Paid,546635
1585,1585,2024-11-04,Credit Card,Paid,723399
1586,1586,2025-02-05,Credit Card,Refunded,148045
1587,1587,2025-10-15,Net Banking,Paid,549917
1588,1588,2026-01-12,Cash on Delivery,Refunded,156931
1589,1589,2025-10-04,Net Banking,Paid,44064
1590,1590,2024-08-17,UPI,Paid,59227
1591,1591,2024-11-24,UPI,Refunded,53367
1592,1592,2025-06-25,Net Banking,Paid,93510
1593,1593,2026-02-03,Net Banking,Paid,217416
1594,1594,2025-12-26,Debit Card,Paid,0
1595,1595,2026-01-08,Cash on Delivery,Paid,264504
1596,1596,2026-03-28,Cash on Delivery,Refunded,367360
1597,1597,2026-03-14,Cash on Delivery,Paid,147179
1598,1598,2026-02-14,Cash on Delivery,Paid,826035
1599,1599,2024-10-26,UPI,Refunded,282712
1600,1600,2025-11-11,UPI,Paid,636502
1601,1601,2026-05-24,Credit Card,Paid,495112
1602,1602,2024-12-03,UPI,Refunded,79132
1603,1603,2024-11-24,Debit Card,Refunded,454156
1604,1604,2025-03-17,Debit Card,Paid,306640
1605,1605,2026-02-06,Net Banking,Paid,166628
1606,1606,2025-05-08,Cash on Delivery,Refunded,436221
1607,1607,2025-08-08,Debit Card,Refunded,638832
1608,1608,2026-07-01,Cash on Delivery,Paid,100986
1609,1609,2025-10-18,UPI,Refunded,314312
1610,1610,2025-11-18,Debit Card,Refunded,285948
1611,1611,2025-06-27,Debit Card,Refunded,0
1612,1612,2025-02-13,UPI,Paid,147550
1613,1613,2024-11-18,Net Banking,Paid,769838
1614,1614,2025-01-03,UPI,Paid,383598
1615,1615,2025-01-01,Cash on Delivery,Paid,571059
1616,1616,2026-02-19,Credit Card,Paid,379626
1617,1617,2025-11-10,Cash on Delivery,Paid,141252
1618,1618,2024-12-24,Debit Card,Paid,861130
1619,1619,2024-12-28,Cash on Delivery,Refunded,314404
1620,1620,2025-09-22,Cash on Delivery,Paid,231551
1621,1621,2025-07-23,Net Banking,Paid,67150
1622,1622,2025-12-29,Net Banking,Paid,38716
1623,1623,2025-11-05,UPI,Refunded,230442
1624,1624,2025-12-07,Cash on Delivery,Paid,451693
1625,1625,2025-11-12,Net Banking,Paid,77012
1626,1626,2025-09-03,UPI,Paid,161869
1627,1627,2025-12-20,Net Banking,Paid,394148
1628,1628,2025-03-05,Debit Card,Paid,86182
1629,1629,2024-07-14,Debit Card,Refunded,169756
1630,1630,2026-02-11,Debit Card,Paid,403090
1631,1631,2026-02-01,UPI,Paid,41201
1632,1632,2026-06-25,UPI,Paid,435219
1633,1633,2025-01-23,Credit Card,Paid,384972
1634,1634,2026-06-11,Debit Card,Refunded,339559
1635,1635,2025-05-13,UPI,Refunded,214206
1636,1636,2024-10-12,Net Banking,Paid,84161
1637,1637,2025-05-23,Cash on Delivery,Paid,170128
1638,1638,2026-01-25,Cash on Delivery,Paid,141252
1639,1639,2025-05-02,Credit Card,Paid,632464
1640,1640,2025-08-24,UPI,Paid,348652
1641,1641,2025-01-23,Debit Card,Refunded,353978
1642,1642,2026-02-04,UPI,Refunded,473255
1643,1643,2025-04-08,UPI,Refunded,349393
1644,1644,2024-07-30,UPI,Refunded,1163022
1645,1645,2025-03-04,Cash on Delivery,Paid,385618
1646,1646,2026-03-14,UPI,Paid,371534
1647,1647,2025-03-27,Credit Card,Paid,88806
1648,1648,2025-07-06,Cash on Delivery,Paid,679719
1649,1649,2025-09-18,Net Banking,Paid,407533
1650,1650,2025-03-11,Debit Card,Paid,107328
1651,1651,2025-01-12,Credit Card,Refunded,257440
1652,1652,2026-04-22,UPI,Refunded,420427
1653,1653,2025-03-11,Net Banking,Paid,364737
1654,1654,2025-09-14,UPI,Paid,625556
1655,1655,2025-04-15,Cash on Delivery,Paid,476508
1656,1656,2024-10-18,UPI,Paid,90528
1657,1657,2025-06-30,Debit Card,Paid,679402
1658,1658,2026-05-12,UPI,Paid,528628
1659,1659,2024-09-04,Credit Card,Refunded,332141
1660,1660,2026-05-26,Cash on Delivery,Paid,390706
1661,1661,2026-03-12,Cash on Delivery,Paid,475364
1662,1662,2024-08-29,Net Banking,Refunded,986362
1663,1663,2025-02-13,Credit Card,Paid,331882
1664,1664,2026-04-15,Debit Card,Refunded,314211
1665,1665,2025-08-08,Net Banking,Paid,460038
1666,1666,2026-04-12,Debit Card,Paid,0
1667,1667,2025-01-30,Cash on Delivery,Paid,214361
1668,1668,2026-02-12,UPI,Refunded,261714
1669,1669,2026-06-15,Credit Card,Paid,522440
1670,1670,2026-05-30,UPI,Paid,653778
1671,1671,2025-08-13,UPI,Paid,410764
1672,1672,2024-09-24,Credit Card,Refunded,386588
1673,1673,2025-07-10,Net Banking,Paid,637851
1674,1674,2025-10-25,Debit Card,Refunded,412764
1675,1675,2025-12-20,UPI,Paid,34565
1676,1676,2024-10-22,UPI,Paid,70782
1677,1677,2026-02-15,Net Banking,Paid,57429
1678,1678,2024-07-24,Credit Card,Paid,492590
1679,1679,2025-03-17,Net Banking,Paid,201334
1680,1680,2026-05-23,UPI,Paid,794113
1681,1681,2024-08-07,UPI,Paid,114200
1682,1682,2026-03-04,Debit Card,Paid,137350
1683,1683,2025-07-30,Credit Card,Refunded,1008700
1684,1684,2024-09-01,Net Banking,Refunded,227620
1685,1685,2026-04-27,Cash on Delivery,Paid,514895
1686,1686,2025-11-08,Debit Card,Paid,488557
1687,1687,2026-05-09,UPI,Paid,135032
1688,1688,2025-05-27,Debit Card,Paid,215541
1689,1689,2024-09-23,Debit Card,Paid,27963
1690,1690,2025-04-19,Cash on Delivery,Paid,64772
1691,1691,2025-07-31,Credit Card,Refunded,0
1692,1692,2025-10-09,Cash on Delivery,Paid,271326
1693,1693,2026-07-01,Cash on Delivery,Paid,812242
1694,1694,2025-05-29,Credit Card,Paid,206726
1695,1695,2025-08-30,Credit Card,Paid,244157
1696,1696,2025-03-13,Debit Card,Paid,561093
1697,1697,2025-01-16,Debit Card,Paid,175498
1698,1698,2026-05-03,Cash on Delivery,Paid,226750
1699,1699,2024-07-24,Credit Card,Refunded,69445
1700,1700,2024-11-05,Net Banking,Paid,303064
1701,1701,2025-04-28,UPI,Paid,78195
1702,1702,2025-08-09,Cash on Delivery,Refunded,135532
1703,1703,2025-06-13,Credit Card,Paid,259087
1704,1704,2025-02-20,Net Banking,Paid,330206
1705,1705,2024-08-03,Debit Card,Paid,412883
1706,1706,2024-07-12,Net Banking,Paid,130208
1707,1707,2024-10-16,UPI,Refunded,385670
1708,1708,2024-10-08,UPI,Paid,611552
1709,1709,2025-07-02,Debit Card,Paid,586287
1710,1710,2026-04-10,Cash on Delivery,Paid,47267
1711,1711,2025-06-06,Debit Card,Refunded,729013
1712,1712,2025-04-02,Cash on Delivery,Paid,236510
1713,1713,2025-03-06,Net Banking,Paid,650623
1714,1714,2026-01-18,Debit Card,Paid,619583
1715,1715,2025-07-17,Debit Card,Paid,681673
1716,1716,2025-08-02,UPI,Paid,447519
1717,1717,2026-03-23,Debit Card,Paid,0
1718,1718,2024-07-19,Cash on Delivery,Refunded,333248
1719,1719,2025-10-03,Net Banking,Paid,124268
1720,1720,2025-01-25,Debit Card,Refunded,97485
1721,1721,2025-03-31,Net Banking,Paid,205756
1722,1722,2026-01-07,Debit Card,Refunded,286045
1723,1723,2025-11-04,Debit Card,Refunded,78084
1724,1724,2025-02-15,Net Banking,Refunded,194969
1725,1725,2025-01-16,UPI,Paid,374925
1726,1726,2024-10-19,Cash on Delivery,Paid,158403
1727,1727,2025-03-15,Cash on Delivery,Paid,207303
1728,1728,2025-09-10,Credit Card,Paid,106004
1729,1729,2025-04-07,UPI,Paid,142917
1730,1730,2025-11-21,Cash on Delivery,Paid,539932
1731,1731,2024-11-18,Debit Card,Paid,0
1732,1732,2025-06-28,Credit Card,Paid,275600
1733,1733,2024-07-06,Net Banking,Paid,148914
1734,1734,2025-04-27,Credit Card,Paid,182837
1735,1735,2025-06-23,Credit Card,Paid,399760
1736,1736,2024-10-15,Credit Card,Paid,152091
1737,1737,2025-03-25,Cash on Delivery,Paid,7026
1738,1738,2025-07-17,UPI,Refunded,201341
1739,1739,2024-11-09,Net Banking,Paid,29019
1740,1740,2026-05-10,Debit Card,Paid,508843
1741,1741,2025-03-12,UPI,Refunded,360312
1742,1742,2025-10-22,Credit Card,Paid,226291
1743,1743,2026-04-07,Cash on Delivery,Paid,745833
1744,1744,2025-09-28,Net Banking,Paid,277070
1745,1745,2025-03-30,Credit Card,Paid,70347
1746,1746,2026-05-21,UPI,Refunded,653464
1747,1747,2025-09-04,UPI,Paid,146626
1748,1748,2025-08-07,Credit Card,Paid,339984
1749,1749,2024-09-29,UPI,Paid,839518
1750,1750,2025-08-13,Debit Card,Paid,109354
1751,1751,2026-02-25,Credit Card,Refunded,491539
1752,1752,2025-12-09,Cash on Delivery,Refunded,360285
1753,1753,2025-12-10,Net Banking,Paid,154882
1754,1754,2025-11-06,Debit Card,Paid,323967
1755,1755,2025-12-27,Debit Card,Paid,585136
1756,1756,2026-02-17,Net Banking,Paid,172063
1757,1757,2025-03-03,Cash on Delivery,Paid,151717
1758,1758,2026-06-08,UPI,Paid,568211
1759,1759,2025-02-16,Net Banking,Paid,762202
1760,1760,2024-08-12,Debit Card,Paid,16960
1761,1761,2026-04-29,UPI,Paid,268075
1762,1762,2025-12-27,UPI,Paid,308684
1763,1763,2025-03-18,Net Banking,Paid,143868
1764,1764,2024-11-08,Credit Card,Paid,417729
1765,1765,2024-12-19,Debit Card,Refunded,758085
1766,1766,2025-05-23,Net Banking,Paid,725760
1767,1767,2025-11-06,Cash on Delivery,Refunded,306743
1768,1768,2025-08-22,Cash on Delivery,Refunded,237404
1769,1769,2025-06-02,UPI,Paid,398421
1770,1770,2024-10-20,UPI,Paid,383947
1771,1771,2025-03-27,Debit Card,Paid,442807
1772,1772,2024-11-26,Net Banking,Paid,258232
1773,1773,2025-10-29,Credit Card,Paid,30578
1774,1774,2026-04-02,Net Banking,Paid,379686
1775,1775,2026-02-18,UPI,Paid,622405
1776,1776,2026-05-15,Credit Card,Refunded,66172
1777,1777,2025-08-04,Credit Card,Paid,275110
1778,1778,2026-02-19,Debit Card,Refunded,489913
1779,1779,2024-07-16,Debit Card,Paid,894021
1780,1780,2024-09-10,Cash on Delivery,Paid,95678
1781,1781,2025-10-30,Net Banking,Paid,334315
1782,1782,2025-12-28,UPI,Paid,322857
1783,1783,2025-11-19,Cash on Delivery,Paid,121864
1784,1784,2025-11-21,UPI,Paid,325735
1785,1785,2025-05-31,Credit Card,Paid,412126
1786,1786,2024-07-30,Cash on Delivery,Paid,251667
1787,1787,2024-09-16,UPI,Paid,258252
1788,1788,2024-07-12,Cash on Delivery,Paid,89835
1789,1789,2025-10-22,UPI,Paid,379302
1790,1790,2025-02-20,Net Banking,Paid,638332
1791,1791,2025-07-04,Credit Card,Refunded,114798
1792,1792,2024-12-16,Cash on Delivery,Paid,670775
1793,1793,2025-08-27,Net Banking,Refunded,648911
1794,1794,2025-07-08,Debit Card,Paid,88827
1795,1795,2026-03-25,Cash on Delivery,Paid,0
1796,1796,2026-05-23,Cash on Delivery,Paid,539809
1797,1797,2025-09-24,Credit Card,Paid,282994
1798,1798,2024-09-10,Debit Card,Refunded,40608
1799,1799,2025-08-09,UPI,Paid,85643
1800,1800,2024-07-17,Cash on Delivery,Paid,529389
1801,1801,2025-06-20,Net Banking,Paid,646709
1802,1802,2025-08-23,UPI,Refunded,185876
1803,1803,2024-10-05,Cash on Delivery,Refunded,402705
1804,1804,2025-02-26,Net Banking,Refunded,0
1805,1805,2025-01-22,Cash on Delivery,Paid,109260
1806,1806,2025-11-15,UPI,Paid,238657
1807,1807,2025-12-29,Debit Card,Paid,0
1808,1808,2025-02-16,Credit Card,Paid,485442
1809,1809,2026-05-13,Credit Card,Paid,115747
1810,1810,2024-09-29,Net Banking,Refunded,896248
1811,1811,2025-12-21,Credit Card,Paid,801522
1812,1812,2025-07-24,UPI,Refunded,0
1813,1813,2025-07-24,Credit Card,Paid,526188
1814,1814,2025-09-07,Cash on Delivery,Refunded,361797
1815,1815,2026-06-12,Credit Card,Refunded,409133
1816,1816,2026-03-19,UPI,Paid,157256
1817,1817,2026-03-13,Credit Card,Refunded,861084
1818,1818,2025-08-26,Cash on Delivery,Refunded,551506
1819,1819,2024-11-02,Credit Card,Paid,101053
1820,1820,2025-02-06,Cash on Delivery,Refunded,539432
1821,1821,2025-03-28,Cash on Delivery,Refunded,34213
1822,1822,2025-01-04,Credit Card,Paid,572245
1823,1823,2024-11-05,UPI,Paid,195589
1824,1824,2025-04-29,Net Banking,Refunded,484138
1825,1825,2024-07-08,Net Banking,Refunded,385880
1826,1826,2025-07-26,Net Banking,Paid,244073
1827,1827,2026-05-24,Net Banking,Paid,110240
1828,1828,2024-10-16,Cash on Delivery,Paid,148565
1829,1829,2025-02-20,Debit Card,Paid,675928
1830,1830,2024-10-30,Credit Card,Refunded,168240
1831,1831,2026-04-06,Cash on Delivery,Paid,11466
1832,1832,2026-06-26,Net Banking,Refunded,278894
1833,1833,2026-02-11,Debit Card,Paid,86024
1834,1834,2025-09-29,Cash on Delivery,Paid,133083
1835,1835,2026-05-15,Debit Card,Refunded,671270
1836,1836,2025-03-22,Debit Card,Paid,233476
1837,1837,2026-02-02,Net Banking,Refunded,408237
1838,1838,2026-01-22,Debit Card,Refunded,109991
1839,1839,2025-01-13,Credit Card,Refunded,707406
1840,1840,2026-05-27,Net Banking,Refunded,214119
1841,1841,2025-06-21,UPI,Paid,327747
1842,1842,2024-09-19,Net Banking,Refunded,0
1843,1843,2025-12-29,Credit Card,Paid,404367
1844,1844,2026-06-06,Debit Card,Paid,577477
1845,1845,2025-05-14,Credit Card,Refunded,259785
1846,1846,2025-05-01,Credit Card,Paid,285012
1847,1847,2024-08-12,Net Banking,Paid,345980
1848,1848,2024-09-23,UPI,Paid,229540
1849,1849,2024-11-07,Debit Card,Paid,731207
1850,1850,2025-06-11,Debit Card,Refunded,183942
1851,1851,2026-06-06,Cash on Delivery,Refunded,682769
1852,1852,2025-07-26,Credit Card,Paid,432629
1853,1853,2025-11-23,Cash on Delivery,Paid,658628
1854,1854,2026-01-29,Debit Card,Paid,236759
1855,1855,2026-06-08,UPI,Paid,661002
1856,1856,2026-04-28,Debit Card,Paid,90589
1857,1857,2025-05-19,UPI,Paid,470629
1858,1858,2025-07-10,Cash on Delivery,Paid,646421
1859,1859,2026-02-08,Credit Card,Refunded,236684
1860,1860,2025-08-12,Debit Card,Paid,182394
1861,1861,2025-08-03,Net Banking,Refunded,542972
1862,1862,2025-09-06,Net Banking,Paid,32908
1863,1863,2025-08-03,Debit Card,Refunded,476069
1864,1864,2024-11-21,Cash on Delivery,Paid,63575
1865,1865,2025-04-25,Net Banking,Paid,144858
1866,1866,2025-06-10,Credit Card,Paid,153322
1867,1867,2025-11-17,Net Banking,Refunded,340671
1868,1868,2024-08-25,Debit Card,Paid,305364
1869,1869,2025-05-21,Credit Card,Paid,550404
1870,1870,2025-10-13,UPI,Paid,273579
1871,1871,2025-07-15,Debit Card,Paid,450471
1872,1872,2025-08-20,Debit Card,Refunded,105634
1873,1873,2024-09-20,Credit Card,Paid,444284
1874,1874,2025-01-15,UPI,Paid,182815
1875,1875,2024-08-13,Cash on Delivery,Paid,228296
1876,1876,2025-03-09,Net Banking,Paid,221960
1877,1877,2026-05-21,Debit Card,Refunded,162806
1878,1878,2026-02-14,UPI,Paid,0
1879,1879,2026-04-07,Net Banking,Paid,184202
1880,1880,2024-08-27,UPI,Refunded,595702
1881,1881,2025-05-10,Cash on Delivery,Paid,31278
1882,1882,2024-12-14,UPI,Paid,110955
1883,1883,2026-03-25,Cash on Delivery,Paid,788142
1884,1884,2025-06-19,Cash on Delivery,Paid,592560
1885,1885,2024-09-29,Net Banking,Paid,310277
1886,1886,2024-08-22,Net Banking,Refunded,215300
1887,1887,2025-06-14,Cash on Delivery,Paid,708317
1888,1888,2025-06-04,Cash on Delivery,Refunded,166303
1889,1889,2025-07-30,Credit Card,Paid,370105
1890,1890,2026-04-08,Cash on Delivery,Paid,89941
1891,1891,2024-10-08,Cash on Delivery,Paid,971300
1892,1892,2025-07-07,UPI,Paid,228875
1893,1893,2026-02-16,Cash on Delivery,Refunded,297039
1894,1894,2024-09-06,Net Banking,Refunded,306573
1895,1895,2024-12-10,Cash on Delivery,Paid,772083
1896,1896,2026-02-02,Cash on Delivery,Paid,242503
1897,1897,2024-12-12,Credit Card,Paid,87331
1898,1898,2024-07-31,Credit Card,Paid,388351
1899,1899,2025-02-05,Cash on Delivery,Paid,403827
1900,1900,2024-11-25,Net Banking,Paid,308153
1901,1901,2024-07-25,Net Banking,Paid,713954
1902,1902,2025-05-21,Net Banking,Paid,473300
1903,1903,2025-11-26,UPI,Paid,67533
1904,1904,2025-11-12,UPI,Paid,71253
1905,1905,2026-03-23,Cash on Delivery,Refunded,28665
1906,1906,2026-03-31,Net Banking,Paid,45680
1907,1907,2025-03-02,Net Banking,Paid,434341
1908,1908,2025-12-29,Debit Card,Paid,249325
1909,1909,2026-03-18,Credit Card,Paid,549400
1910,1910,2025-04-29,Credit Card,Refunded,774623
1911,1911,2024-11-27,Net Banking,Paid,440094
1912,1912,2024-11-07,Debit Card,Paid,288268
1913,1913,2026-04-09,Credit Card,Paid,296521
1914,1914,2025-04-09,Cash on Delivery,Paid,474638
1915,1915,2024-10-25,Debit Card,Paid,247401
1916,1916,2026-05-12,Cash on Delivery,Paid,596989
1917,1917,2026-01-20,Debit Card,Paid,675537
1918,1918,2026-06-05,Debit Card,Refunded,442091
1919,1919,2026-01-31,UPI,Paid,650764
1920,1920,2024-12-24,Debit Card,Paid,0
1921,1921,2025-06-09,Debit Card,Paid,507043
1922,1922,2025-06-24,Debit Card,Refunded,142417
1923,1923,2025-01-20,Cash on Delivery,Paid,13180
1924,1924,2024-12-26,Credit Card,Paid,163704
1925,1925,2025-02-03,Net Banking,Refunded,468051
1926,1926,2024-12-07,UPI,Paid,63948
1927,1927,2025-04-08,Debit Card,Paid,434135
1928,1928,2025-08-09,UPI,Paid,47268
1929,1929,2024-11-01,Debit Card,Paid,690638
1930,1930,2025-02-16,Credit Card,Paid,259661
1931,1931,2025-08-17,Cash on Delivery,Paid,250369
1932,1932,2024-09-12,Credit Card,Refunded,725506
1933,1933,2025-12-10,UPI,Paid,180115
1934,1934,2025-03-21,Net Banking,Paid,350304
1935,1935,2025-06-15,UPI,Paid,653717
1936,1936,2025-10-30,Debit Card,Paid,587997
1937,1937,2024-10-18,Credit Card,Paid,481052
1938,1938,2024-09-23,Cash on Delivery,Paid,304178
1939,1939,2025-08-04,Credit Card,Paid,909740
1940,1940,2025-11-23,Credit Card,Paid,155358
1941,1941,2025-07-25,Net Banking,Refunded,756955
1942,1942,2025-11-18,Credit Card,Paid,218000
1943,1943,2025-07-16,UPI,Refunded,1009168
1944,1944,2025-04-09,Debit Card,Paid,1116148
1945,1945,2025-09-27,Cash on Delivery,Paid,742580
1946,1946,2025-04-20,UPI,Refunded,113748
1947,1947,2024-10-06,Net Banking,Refunded,32397
1948,1948,2024-08-12,Cash on Delivery,Paid,441873
1949,1949,2025-02-12,UPI,Paid,859834
1950,1950,2025-11-08,Debit Card,Paid,436844
1951,1951,2025-07-26,Credit Card,Paid,643439
1952,1952,2025-07-01,UPI,Paid,173565
1953,1953,2025-03-02,Credit Card,Paid,87222
1954,1954,2026-06-17,Net Banking,Paid,356469
1955,1955,2025-03-19,Debit Card,Paid,560785
1956,1956,2025-09-24,UPI,Paid,254645
1957,1957,2025-12-27,Net Banking,Paid,710093
1958,1958,2025-03-18,Debit Card,Paid,395490
1959,1959,2025-12-31,Net Banking,Refunded,200692
1960,1960,2025-06-20,Cash on Delivery,Refunded,71000
1961,1961,2025-04-13,Net Banking,Paid,279090
1962,1962,2025-04-22,Debit Card,Paid,207849
1963,1963,2024-10-16,Debit Card,Paid,688329
1964,1964,2026-01-25,Cash on Delivery,Paid,0
1965,1965,2024-12-24,Credit Card,Paid,169750
1966,1966,2024-09-24,Net Banking,Paid,284935
1967,1967,2024-11-03,Net Banking,Paid,155937
1968,1968,2025-08-11,UPI,Refunded,155513
1969,1969,2026-06-11,Credit Card,Paid,443870
1970,1970,2024-09-10,Cash on Delivery,Paid,908640
1971,1971,2025-08-27,Cash on Delivery,Refunded,236232
1972,1972,2025-06-28,Cash on Delivery,Refunded,494855
1973,1973,2025-08-05,Net Banking,Paid,130600
1974,1974,2025-03-01,Net Banking,Paid,245922
1975,1975,2024-11-01,Cash on Delivery,Paid,310802
1976,1976,2024-10-17,UPI,Paid,305350
1977,1977,2026-03-17,Cash on Delivery,Paid,125859
1978,1978,2025-07-24,Credit Card,Paid,284010
1979,1979,2025-10-01,Debit Card,Paid,391638
1980,1980,2024-11-08,UPI,Paid,337927
1981,1981,2024-10-10,Cash on Delivery,Paid,328132
1982,1982,2024-09-08,Debit Card,Paid,816568
1983,1983,2026-06-25,Debit Card,Paid,49613
1984,1984,2025-06-15,Net Banking,Refunded,112737
1985,1985,2025-06-09,UPI,Paid,0
1986,1986,2026-04-25,Debit Card,Paid,148298
1987,1987,2024-10-01,Cash on Delivery,Paid,453193
1988,1988,2024-08-05,Net Banking,Refunded,598365
1989,1989,2026-03-31,Credit Card,Paid,556869
1990,1990,2025-12-07,Cash on Delivery,Paid,361839
1991,1991,2024-09-30,UPI,Refunded,35481
1992,1992,2024-08-07,Cash on Delivery,Paid,586962
1993,1993,2025-06-12,Credit Card,Paid,224539
1994,1994,2026-03-02,Debit Card,Paid,52776
1995,1995,2024-12-02,Net Banking,Refunded,360188
1996,1996,2026-01-01,Cash on Delivery,Paid,98188
1997,1997,2025-07-10,Net Banking,Paid,264348
1998,1998,2026-06-11,Debit Card,Refunded,57855
1999,1999,2024-11-27,Net Banking,Refunded,62058
2000,2000,2025-12-28,Net Banking,Paid,570838
